"Municipality","Canton","Entity","Sarajevo District","Split by IEBL","Municipality Area","Municipality Perimeter","Population, 2013","Bosniak Population, 2013","Croat Population, 2013","Serb Population, 2013","Not Declared Population, 2013","Other Population, 2013","No Answer Population, 2013","Bosniak Population Percentage, 2013","Croat Population Percentage, 2013","Serb Population Percentage, 2013","Not Declared Population Percentage, 2013","Other Population Percentage, 2013","No Answer Population Percentage, 2013","Ethnic Fractionalization, 2013","Ethnic Polarization, 2013","Percent of Population, 2013","Proportion of Votes for Nationalist Parties, 1997","Proportion of Votes for Non-Nationalist Parties, 1997","Proportion of Votes for Independent Parties, 1997","Proportion of Votes for Other Parties, 1997","Proportion of Invalid Ballots, 1997","Number of Votes Cast In-District, 1997","Number of Votes Cast Out-District, 1997","Total Votes Cast, 1997","Proportion of Votes Cast In-District, 1997","Proportion of Votes Cast Out-District, 1997","Distance to Croatia","Distance to Serbia","Distance to Montenegro","Distance to Yugoslavia","Distance to Another Country","Distance to IEBL","Republika Srpska Municipality","Federation Municipality"
"Banja Luka","Banja Luka","Repuplika Srpska",0,0,1210.56402102915,194.826925205644,185042,7681,5104,165750,2733,3437,337,0.0415094951416435,0.0275829271192486,0.895742588169172,0.0147696198700835,0.018574161541704,0.00182120815814788,0.194594901737373,0.346398412657701,0.0520495410413115,0.556312923220236,0.197243022464261,0.00819569345419369,0.238248360861309,0,90672,20972,111644,0.812152914621475,0.187847085378525,18.9792008520793,134.145251768569,173.952264079782,134.145251768569,18.9792008520793,1.98803435715359,0,0
"Banovići","Tuzla","Federacija Bosna i Hercegovina",0,0,188.138403583093,79.5888680964085,22773,21374,284,237,97,778,3,0.938567601984807,0.0124709085320335,0.0104070609932815,0.00425943002678611,0.0341632635138102,0.000131734949282045,0.117641737354193,0.222089853563526,0.00640570355991497,0.618226385362864,0.334763197058566,0.0368554670401821,0.0101549505383875,0,10963,460,11423,0.95973036855467,0.0402696314453296,53.7002868947751,42.0439618235911,88.5783914075828,42.0439618235911,42.0439618235911,12.2621563235519,0,0
"Berkovići","Trebinje","Repuplika Srpska",0,1,302.361128808216,106.138478296717,2114,159,11,1942,0,1,1,0.0752128666035951,0.00520340586565752,0.918637653736991,0,0.000473036896877956,0.000473036896877956,0.150420362873451,0.29568067334413,0.00059463651366356,0.88957475994513,0.11042524005487,0,0,0,1413,45,1458,0.969135802469136,0.0308641975308642,9.5503613032688,86.961610972809,24.1293123831647,24.1293123831647,9.5503613032688,0,0,0
"Bihać","Una-Sana","Federacija Bosna i Hercegovina",0,0,969.90566692209,271.648000203161,56261,49550,3265,910,619,1879,38,0.880716659853184,0.0580330957501644,0.016174614742006,0.0110022928849469,0.0333979132969553,0.000675423472743108,0.219471779434466,0.388606629966189,0.0158253760147708,0.791203131437989,0.161104243922538,0.00545941491553358,0.042233209723939,0,25438,3686,29124,0.873437714599643,0.126562285400357,0,218.255075034853,224.866968694304,218.255075034853,0,11.5755445137506,0,0
"Bijeljina","Bijeljina","Repuplika Srpska",0,0,754.464028269975,148.048817083066,107715,13090,515,91784,674,1550,102,0.121524393074316,0.00478113540361138,0.852100450262266,0.00625725293598849,0.0143898250011605,0.000946943322657012,0.258886668315489,0.482505269906739,0.0302986149807334,0.681345868381989,0.246689175422767,0.00726198445731583,0.0647029717379282,0,53969,14745,68714,0.785414908170096,0.214585091829904,1.23756852000335,0,112.332698891387,0,0,0,0,0
"Bileća","Trebinje","Repuplika Srpska",0,0,637.207119421984,129.889553804151,10807,26,21,10646,30,73,11,0.00240584806144166,0.00194318497270288,0.985102248542611,0.00277597853243268,0.00675488109558619,0.00101785879522532,0.0295096253316033,0.0580830182923965,0.00303984711597072,0.886997872606683,0.113002127393317,0,0,0,7004,987,7991,0.876486046802653,0.123513953197347,17.9355061565572,71.4908265327766,0,0,0,13.4418454272068,0,0
"Bosanska Krupa","Una-Sana","Federacija Bosna i Hercegovina",0,1,573.302543520731,141.242115305226,25545,23578,66,1260,106,494,41,0.922998629868859,0.00258367586611861,0.0493247210804463,0.00414954002740262,0.0193384223918575,0.00160501076531611,0.145240156446963,0.273222199604562,0.00718542561094401,0.879549454417459,0.0432242168250616,0.0158394931362196,0.0613868356212601,0,11982,2223,14205,0.84350580781415,0.15649419218585,0,204.692144453984,248.270049832145,204.692144453984,0,0,0,0
"Bosanski Petrovac","Una-Sana","Federacija Bosna i Hercegovina",0,1,750.548572543971,136.466196568047,7328,3179,26,3996,30,85,12,0.433815502183406,0.00354803493449782,0.545305676855895,0.0040938864628821,0.0115993449781659,0.00163755458515284,0.514279254006884,0.967702457548154,0.0020612565620277,0.432349052446011,0.502864698104892,0.0647862494490965,0,0,1385,3153,4538,0.305200528867342,0.694799471132658,2.27626941883016,188.896154806122,213.526429856279,188.896154806122,2.27626941883016,0,0,0
"Bosansko Grahovo","Canton 10","Federacija Bosna i Hercegovina",0,0,784.627095922759,144.062287481003,2449,6,393,2028,10,10,2,0.00244997958350347,0.160473662719477,0.828093099224173,0.00408329930583912,0.00408329930583912,0.000816659861167824,0.288470006590968,0.55816920541482,0.000688866992413462,0.0908363345338135,0.737094837935174,0.172068827531012,0,0,220,2279,2499,0.0880352140856343,0.911964785914366,0,194.873826012449,182.643517070103,182.643517070103,0,12.1670363160157,0,0
"Bratunac","Vlasenica","Repuplika Srpska",0,0,308.786198043625,132.844460046446,20340,7803,33,12350,26,86,42,0.383628318584071,0.00162241887905605,0.607177974434612,0.00127826941986234,0.00422812192723697,0.00206489675516224,0.484137813512471,0.942231713661129,0.00572133712768061,0.891948431038677,0.0581367063974702,0.00914619314035514,0.0407686694234979,0,11434,9121,20555,0.556263682802238,0.443736317197762,68.2085493515308,0,59.1639724546597,0,0,22.6396945112926,0,0
"Breza","Zenica-Doboj","Federacija Bosna i Hercegovina",0,0,79.3591273727526,47.1183001861585,14168,13154,314,121,118,447,14,0.928430265386787,0.0221626199887069,0.00854037267080745,0.00832862789384529,0.0315499717673631,0.000988142292490119,0.136387379437394,0.253112990962012,0.00398524603859287,0.672228138681813,0.237131700390486,0.0757306827594368,0.0149094781682641,0,8060,391,8451,0.953733286001657,0.0462667139983434,92.9718921997329,67.1779120482452,69.3180153296177,67.1779120482451,67.1779120482451,12.1045699137134,0,0
"Brod","Doboj","Repuplika Srpska",0,0,238.844485643625,79.0034296884078,16169,1059,3287,11477,148,161,37,0.065495701651308,0.203290246768508,0.709815078236131,0.0091533180778032,0.00995732574679943,0.0022883295194508,0.450357775322787,0.73330690471357,0.00454809734599153,0.889743741492573,0.0872344203112979,0,0.0230218381961295,0,8900,7997,16897,0.526720719654377,0.473279280345623,0,60.7268091779744,172.737177945832,60.7268091779744,0,0,0,0
"Brčko","Brčko","Brčko",0,0,485.644179589641,122.703996926063,83516,35381,17252,28884,522,1377,100,0.423643373724795,0.206571195938503,0.34584989702572,0.00625029934383831,0.0164878586139183,0.00119737535322573,0.657930132203613,0.863398826648666,0.0234917989948561,0.736305945223781,0.239478957915832,0.0016143397906925,0.0226007570696949,0,22277,13651,35928,0.620045646849254,0.379954353150746,0,2.91026301333352,130.747738853936,2.91026301333362,0,0,1,1
"Bugojno","Central Bosnia","Federacija Bosna i Hercegovina",0,0,380.145754403939,91.157437989391,31470,24650,5767,376,153,493,31,0.783285668891007,0.183253892596123,0.0119478868763902,0.00486177311725453,0.0156657133778201,0.000985065141404512,0.352468797990712,0.643188822570103,0.0088520393022669,0.954690132933908,0.040769518816701,0,0.0045403482493915,0,13581,7783,21364,0.635695562628721,0.364304437371279,43.7036597672597,123.141109835008,119.707095025594,119.707095025594,43.7036597672597,7.73025934251978,0,0
"Busovača","Central Bosnia","Federacija Bosna i Hercegovina",0,0,153.576897864134,66.5926407790863,17910,8681,8873,205,27,111,13,0.484701284198772,0.495421552205472,0.0114461194863205,0.00150753768844221,0.00619765494137353,0.000725851479620324,0.519449926598063,0.980309447800185,0.00503781455047983,0.93135838150289,0.0603323699421965,0,0.00830924855491329,0,9544,1528,11072,0.861994219653179,0.138005780346821,73.7687593661557,92.9182911945665,94.0956646833351,92.9182911945665,73.7687593661557,27.2843892582502,0,0
"Bužim","Una-Sana","Federacija Bosna i Hercegovina",0,0,130.176145216817,56.2664653250251,19340,19207,8,1,6,96,22,0.993123061013444,0.000413650465356774,5.17063081695967e-05,0.00031023784901758,0.00496380558428128,0.00113753877973113,0.0136803822951614,0.0272350365738322,0.00544005211648687,0.885263020493408,0,0.0858895705521472,0.0288474089544446,0,7163,498,7661,0.934995431405822,0.0650045685941783,0,219.194523431757,278.169473872791,219.194523431757,0,6.89977387651711,0,0
"Cazin","Una-Sana","Federacija Bosna i Hercegovina",0,0,360.158626987773,93.0082852609556,66149,63463,320,29,331,1945,61,0.959394699844291,0.00483756368199066,0.000438404208680403,0.00500385493355909,0.0294033167545995,0.000922160576879469,0.0786477717095585,0.153052188129338,0.0186067222054545,0.84708991029831,0.0463458730269105,0.0389402684097073,0.067623948265072,0,25424,3338,28762,0.883944092900355,0.116055907099645,0,229.72856731459,275.151249759174,229.72856731459,0,9.66277651879245,0,0
"Derventa","Doboj","Repuplika Srpska",0,0,517.070412684313,122.041612258154,27404,1895,2573,22349,252,277,58,0.069150488979711,0.0938914027149321,0.81553787768209,0.00919573784848927,0.0101080134286965,0.00211647934608086,0.321109371421006,0.541258156196294,0.00770833444675317,0.826140752127779,0.126316973491808,0.00674890330321323,0.0407933710772,0,16045,10626,26671,0.601589741666979,0.398410258333021,0,68.8402189161991,160.036488736627,68.8402189161991,0,8.20376567314412,0,0
"Doboj","Doboj","Repuplika Srpska",0,1,699.926598017235,180.309578226905,71441,15322,1845,52628,490,992,164,0.214470682101314,0.025825506361893,0.736663820495234,0.00685880656765723,0.0138855839083999,0.0022956005655016,0.410416662863549,0.719719808873713,0.0200952824846918,0.800061658989518,0.158300388088934,0.00698197381306445,0.0346559791084836,0,38477,16665,55142,0.697780276377353,0.302219723622647,11.3523049641314,53.9517394307396,139.197920420852,53.9517394307396,11.3523049641314,0,0,0
"Doboj Istok","Tuzla","Federacija Bosna i Hercegovina",0,1,32.2146147607217,24.7594014813559,10248,9830,18,12,18,96,274,0.959211553473849,0.00175644028103044,0.00117096018735363,0.00175644028103044,0.00936768149882904,0.0267369242779079,0.0791030377930981,0.153276486303585,0.00288260879471342,NA,NA,NA,NA,NA,0,0,0,NA,NA,35.8495057537263,61.1698122230548,140.585144650166,61.1698122230548,35.8495057537263,0,0,0
"Doboj Jug","Zenica-Doboj","Federacija Bosna i Hercegovina",0,1,11.2677769021338,17.8876881320323,4137,4017,24,9,14,67,6,0.970993473531545,0.00580130529369108,0.00217548948513416,0.00338409475465313,0.0161953106115543,0.00145032632342277,0.0568574428319772,0.110631644510304,0.00116367609130849,NA,NA,NA,NA,NA,0,0,0,NA,NA,41.9068805767502,75.9127218170219,141.253412130533,75.9127218170219,41.9068805767502,0,0,0
"Dobretići","Central Bosnia","Federacija Bosna i Hercegovina",0,1,70.3451244393595,51.3868679458721,1629,0,1626,1,1,0,1,0,0.998158379373849,0.000613873542050338,0.000613873542050338,0,0.000613873542050338,0.00367871916359452,0.00734389426899129,0.000458213283234598,NA,NA,NA,NA,NA,0,0,0,NA,NA,73.1655206174075,127.401149800812,146.881467255776,127.401149800812,73.1655206174075,0,0,0
"Domaljevac-Šamac","Posavina","Federacija Bosna i Hercegovina",0,1,55.0125619307405,39.8857912551927,4771,17,4634,92,12,13,3,0.00356319429888912,0.971284845944246,0.0192831691469294,0.00251519597568644,0.00272479564032698,0.00062879899392161,0.0562070649628482,0.109924569844119,0.00134201078840532,NA,NA,NA,NA,NA,0,0,0,NA,NA,0,33.2042469111171,165.000167429425,33.2042469111171,0,0,0,0
"Donji Vakuf","Central Bosnia","Federacija Bosna i Hercegovina",0,0,333.560209913356,85.5697577360236,13985,13376,58,107,46,386,12,0.956453342867358,0.00414730067929925,0.00765105470146586,0.00328923846978906,0.0276010010725778,0.00085806220951019,0.0843478935562122,0.162656558084109,0.00393377088154441,0.855356705074773,0.144643294925227,0,0,0,6929,1229,8158,0.849350330963471,0.150649669036529,46.5447460130648,129.30184029557,133.293650891599,129.30184029557,46.5447460130648,0,0,0
"Donji Žabar","Doboj","Repuplika Srpska",0,1,37.827061939019,28.9072728206617,3808,5,1029,2758,5,9,2,0.00131302521008403,0.270220588235294,0.724264705882353,0.00131302521008403,0.00236344537815126,0.000525210084033613,0.402412159716828,0.79174682686656,0.00107113332262575,0.853064066852368,0.129526462395543,0,0.0174094707520891,0,1388,48,1436,0.966573816155989,0.0334261838440111,0.133985274158455,19.8911088495766,152.255785042749,19.8911088495766,0.133985274158455,0,0,0
"Drvar","Canton 10","Federacija Bosna i Hercegovina",0,1,530.394036429995,101.871599284553,7036,11,552,6420,26,24,3,0.00156338828880045,0.0784536668561683,0.912450255827175,0.00369528140989198,0.00341102899374645,0.000426378624218306,0.161251636592578,0.314363253082965,0.00197912133875913,0.358380274205548,0.618981825911361,0.0226378998830907,0,0,4402,5007,9409,0.467849930917207,0.532150069082793,7.72087280374831,191.775430048087,198.730426292627,191.775430048087,7.72087280374831,0,0,0
"Dubica","Banja Luka","Repuplika Srpska",0,0,514.997853523323,127.873963327265,21524,2168,273,18670,171,228,14,0.100724772347147,0.012683516075079,0.867403828284705,0.00794461995911541,0.0105928266121539,0.000650436721798922,0.237128499302767,0.436881687026751,0.006054378580934,0.660281690140845,0.246704225352113,0.00180281690140845,0.0912112676056338,0,14317,3433,17750,0.806591549295775,0.193408450704225,0,152.300575994107,231.255981698186,152.300575994107,0,23.658377175496,0,0
"Fojnica","Central Bosnia","Federacija Bosna i Hercegovina",0,0,311.399643984691,90.1130798042969,12356,7592,3664,48,46,236,770,0.614438329556491,0.296536095823891,0.00388475234703788,0.0037228876659113,0.0191000323729362,0.0623179022337326,0.530254599676522,0.845796651094134,0.00347555759830981,0.906945130993574,0.0736529906080079,0.00630252100840336,0.0130993573900148,0,6505,1587,8092,0.803880375679684,0.196119624320316,61.7904286989121,97.0450972876547,84.4671421783589,84.4671421783587,61.7904286989121,28.0525645217632,0,0
"Foča","Foča","Repuplika Srpska",0,1,1141.63689107046,171.718178074981,18288,1270,55,16739,32,176,16,0.0694444444444444,0.0030074365704287,0.915299650043745,0.00174978127734033,0.00962379702537183,0.000874890638670166,0.157298530453542,0.302207607940979,0.00514414028471106,0.984464031339031,0.00681089743589744,0,0.00872507122507122,0,13471,8993,22464,0.599670584045584,0.400329415954416,72.8398098035985,13.4566004815679,0,0,0,0,0,0
"Foča-Ustikolina","Bosnian Podrinje","Federacija Bosna i Hercegovina",0,1,159.860748104969,69.242727763947,1933,1762,0,145,3,23,0,0.911536471805484,0,0.0750129332643559,0.00155199172271081,0.0118986032074496,0,0.163330334974892,0.31540551226248,0.000543723926637494,NA,NA,NA,NA,NA,0,0,0,NA,NA,92.8620909506663,25.021682773032,7.58893016678311,7.58893016678192,7.58893016678192,0,0,0
"Gacko","Trebinje","Repuplika Srpska",0,0,729.332052107895,129.504824444653,8990,369,15,8556,3,41,6,0.0410456062291435,0.00166852057842047,0.951724137931034,0.000333704115684093,0.00456062291434928,0.000667408231368187,0.0925122834542398,0.181467539319145,0.0025287522506317,0.785692260252852,0.0658341042244835,0.0775516497070614,0.0709219858156028,0,5439,1047,6486,0.838575393154487,0.161424606845513,44.2197028096168,46.3437864669483,0,0,0,17.2892499952095,0,0
"Glamoč","Canton 10","Federacija Bosna i Hercegovina",0,0,1066.34984295944,146.670053029338,3860,1251,906,1679,11,13,0,0.324093264248705,0.234715025906736,0.434974093264249,0.00284974093264249,0.00336787564766839,0,0.650650487261403,0.880315835999075,0.00108576014320783,0.632558139534884,0.367441860465116,0,0,0,1850,2665,4515,0.409745293466224,0.590254706533776,12.3159332804618,164.803634838176,148.876487734021,148.876487734021,12.3159332804618,0,0,0
"Goražde","Bosnian Podrinje","Federacija Bosna i Hercegovina",0,1,209.477106095781,66.0859405606813,20897,19692,23,707,73,393,9,0.942336220510121,0.00110063645499354,0.0338326075513232,0.00349332440063167,0.0188065272527157,0.000430683830214863,0.110490516509136,0.2106872163382,0.00587801287891552,0.847641985859685,0.130448294615803,0,0.0219097195245125,0,10792,2079,12871,0.838474089037371,0.161525910962629,105.610549085023,19.5571625957552,7.26388075772993,7.26388075772887,7.26388075772887,0,0,0
"Gornji Vakuf-Uskoplje","Central Bosnia","Federacija Bosna i Hercegovina",0,0,403.559459026701,94.8316689932535,20933,12004,8660,30,28,170,41,0.573448621793341,0.413700855109158,0.00143314383987006,0.00133760091721206,0.00812114842593035,0.00195862991448908,0.499934648284892,0.962743260612482,0.0058881391393185,0.973005803752193,0.0269941962478067,0,0,0,11813,3005,14818,0.797206100688352,0.202793899311648,44.2164406644412,111.30019524338,96.4421893701516,96.4421893701514,44.2164406644412,21.8320042005541,0,0
"Gradačac","Tuzla","Federacija Bosna i Hercegovina",0,1,187.557040136244,73.368758088966,39340,37130,918,345,167,727,53,0.943823080833757,0.0233350279613625,0.00876970005083884,0.00424504321301474,0.0184799186578546,0.00134722928317234,0.108215218104313,0.204022061890905,0.0110657523403616,0.851952251866648,0.148047748133352,0,0,0,18578,2449,21027,0.883530698625577,0.116469301374423,15.3263528710537,33.7236657217011,139.393502736895,33.7236657217011,15.3263528710537,0,0,0
"Gradiška","Banja Luka","Repuplika Srpska",0,0,752.437483158148,160.890322114819,51727,7580,826,41863,416,999,43,0.14653855819978,0.0159684497457807,0.809306551704139,0.00804222166373461,0.0193129313511319,0.000831287335434106,0.322856007256906,0.575632959472538,0.0145500297740184,0.763075886465089,0.197478873634858,0,0.0394452399000533,0,27468,8151,35619,0.771161458772004,0.228838541227996,0,122.00767990844,203.256776136079,122.00767990844,0,27.7486548917138,0,0
"Gračanica","Tuzla","Federacija Bosna i Hercegovina",0,1,203.604562608973,81.128267891978,45220,43857,72,157,137,924,73,0.969858469703671,0.0015922158337019,0.0034719150818222,0.0030296329057939,0.0204334365325077,0.00161432994250332,0.0589306493332219,0.115148722269411,0.0127197082061808,0.660188530376645,0.257921182675138,0.0127071134919646,0.0443503176778373,0.0248328557784145,22599,1482,24081,0.938457705244799,0.0615422947552012,29.2348462132338,45.6864247244382,125.50861777117,45.6864247244382,29.2348462132338,0,0,0
"Grude","West Herzegovina","Federacija Bosna i Hercegovina",0,0,204.070180722631,71.5878794933218,17308,3,17216,10,3,11,65,0.000173330251906633,0.99468453894153,0.000577767506355443,0.000173330251906633,0.000635544256990987,0.00375548879131038,0.0105877664760679,0.0210958043119842,0.0048684809737412,1,0,0,0,0,5569,385,5954,0.935337588176016,0.0646624118239839,0,136.432894196915,88.1806318803606,88.1806318803606,0,34.635053908466,0,0
"Hadžići","Sarajevo","Federacija Bosna i Hercegovina",1,0,267.635598745692,79.5409383018107,23891,22120,179,218,117,900,357,0.925871667154996,0.00749236114017831,0.00912477501988196,0.00489724163911096,0.0376710895316228,0.0149428655142104,0.140955875773064,0.261173342651277,0.00672018020242957,0.799445755927332,0.181258339320538,0,0.0192959047521297,0,9042,701,9743,0.928050908344452,0.0719490916555476,64.8940256923746,77.2361197254051,58.6086790789589,58.6086790789587,58.6086790789587,5.76581785246829,0,0
"Han Pijesak","Istočno Sarajevo","Repuplika Srpska",0,0,349.850748719119,98.9228067058646,3530,431,7,3068,3,21,0,0.122096317280453,0.00198300283286119,0.869121813031161,0.00084985835694051,0.00594900849858357,0,0.2296797181584,0.447955990792457,0.000992936089513892,0.887719298245614,0.112280701754386,0,0,0,2600,1105,3705,0.701754385964912,0.298245614035088,77.8949678332312,6.80561426338645,44.9082696641797,6.80561426338645,6.80561426338645,0,0,0
"Ilidža","Sarajevo","Federacija Bosna i Hercegovina",1,1,147.034922327775,72.1838045483444,66730,58120,3030,1600,657,3259,64,0.87097257605275,0.0454068634796943,0.0239772216394425,0.00984564663569609,0.0488386033268395,0.000959088865577701,0.236287015571383,0.41109694758719,0.0187701487969581,0.737526443423972,0.194675197358237,0.0499458232289356,0.0178525359888551,0,15921,3460,19381,0.821474640111449,0.178525359888551,81.5201082928011,68.606278948421,50.2808452546121,50.280845254612,50.280845254612,0,0,0
"Ilijaš","Sarajevo","Federacija Bosna i Hercegovina",1,0,294.132389678506,109.043731876184,19603,18151,382,421,101,528,20,0.925929704637045,0.019486813242871,0.0214763046472479,0.005152272611335,0.0269346528592562,0.00102025200224455,0.141060152167232,0.260243616825989,0.00551403007443083,0.581398947694212,0.402197462086041,0,0.0164035902197462,0,5598,864,6462,0.866295264623955,0.133704735376045,89.4002173675686,49.9001864344105,57.6031559854224,49.9001864344105,49.9001864344105,0,0,0
"Istočna Ilidža","Istočno Sarajevo","Repuplika Srpska",1,1,33.7560014513944,27.5285115977148,14765,648,156,13755,96,98,12,0.0438875719607179,0.0105655265831358,0.931594988147646,0.00650186251269895,0.00663731798171351,0.000812732814087369,0.130006039992849,0.245620250247098,0.00415317319027553,0.908853350057489,0.0492317340859204,0,0.0419149158565904,0,8909,658,9567,0.931221908644298,0.0687780913557019,88.9667342790707,67.926342387579,50.1422592290688,50.1422592290686,50.1422592290686,0,0,0
"Istočni Drvar","Banja Luka","Repuplika Srpska",0,1,93.0954018898577,43.6224364769187,79,0,1,78,0,0,0,0,0.0126582278481013,0.987341772151899,0,0,0,0.0249959942316935,0.0499919884633871,2.22215158843052e-05,0.76510067114094,0.201342281879195,0,0.0335570469798658,0,30,268,298,0.100671140939597,0.899328859060403,26.9085095834342,190.365457332822,200.27900679302,190.365457332822,26.9085095834342,0,0,0
"Istočni Mostar","Trebinje","Repuplika Srpska",0,1,71.9898444545021,39.2350146612378,257,78,11,166,0,0,2,0.303501945525292,0.0428015564202335,0.64591439688716,0,0,0.00778210116731518,0.488788626625687,0.854787622890281,7.22902478767904e-05,1,0,0,0,0,160,913,1073,0.149114631873253,0.850885368126747,38.8967598624457,91.2507400479728,54.6263531926894,54.6263531926894,38.8967598624457,0,0,0
"Istočni Stari Grad","Istočno Sarajevo","Repuplika Srpska",1,1,79.3119668389485,48.5479710569673,1131,43,7,1071,2,7,1,0.0380194518125553,0.00618921308576481,0.946949602122016,0.0017683465959328,0.00618921308576481,0.000884173297966401,0.101760450795482,0.196166296394331,0.000318133347660117,1,0,0,0,0,1354,82,1436,0.942896935933148,0.0571030640668524,98.0893025637297,53.8161177669042,47.613245901789,47.6132459017889,47.6132459017889,0,0,0
"Istočno Novo Sarajevo","Istočno Sarajevo","Repuplika Srpska",1,1,40.3244132869782,29.4526530028006,10642,44,107,10248,62,175,6,0.0041345611727119,0.0100545010336403,0.962976884044353,0.00582597256154858,0.0164442773914678,0.000563803796278895,0.0722526591191671,0.138998286358754,0.00299343508912375,0.88043252235392,0.0802661676024121,0,0.0393013100436681,0,3476,1333,4809,0.722811395300478,0.277188604699522,93.9690586599335,62.585057458364,45.3743919321751,45.3743919321749,45.3743919321749,0,0,0
"Jablanica","Herzegovina-Neretva","Federacija Bosna i Hercegovina",0,0,307.678211087544,92.6960179940939,10111,9045,726,63,104,170,3,0.894570270002967,0.0718029868460093,0.0062308377015132,0.0102858273167837,0.0168133715755118,0.000296706557214914,0.19416096402624,0.35831025236544,0.00284407274817987,0.762514360741835,0.19826029870343,0.0392253405547349,0,0,5522,571,6093,0.906285901854587,0.0937140981454128,25.8257239613977,105.577172710435,74.3265339650294,74.3265339650292,25.8257239613977,13.7948745979704,0,0
"Jajce","Central Bosnia","Federacija Bosna i Hercegovina",0,1,316.140173985779,81.1830233182132,27258,13269,12555,501,95,800,38,0.4867928681488,0.460598723310588,0.0183799251595862,0.00348521534962213,0.0293491818915548,0.00139408613984885,0.549668233275347,0.948918710148054,0.00766726683511888,0.949538740737007,0.0480919493875082,0,0.0023693098754852,0,8985,10852,19837,0.452941473004991,0.547058526995009,58.1668067318667,132.582271553954,145.337805961515,132.582271553954,58.1668067318667,0,0,0
"Jezero","Banja Luka","Repuplika Srpska",0,1,77.7801108926266,57.7256286649014,1144,287,11,841,3,1,1,0.250874125874126,0.00961538461538462,0.73513986013986,0.00262237762237762,0.000874125874125874,0.000874125874125874,0.396530698322656,0.761547340013891,0.000321790052805635,0.758083832335329,0.219161676646707,0,0.0227544910179641,0,563,272,835,0.674251497005988,0.325748502994012,58.6786067193354,148.695064985847,157.838264982746,148.695064985847,58.6786067193354,0,0,0
"Kakanj","Zenica-Doboj","Federacija Bosna i Hercegovina",0,0,382.625050684262,109.618371262484,37441,32341,2973,281,172,1646,28,0.863785689484789,0.0794049304238669,0.00750514142250474,0.00459389439384632,0.0439625010015758,0.000747843273416843,0.245558447888319,0.437450755838378,0.0105315921041047,0.764088543963312,0.202178322603404,0.0285739483199577,0.00515918511332569,0,19255,3423,22678,0.849060763735779,0.150939236264221,81.3413975831346,66.159257310874,82.4740173922993,66.159257310874,66.159257310874,22.0797100602515,0,0
"Kalesija","Tuzla","Federacija Bosna i Hercegovina",0,1,188.822583494025,70.7542160149395,33053,32227,20,254,54,459,39,0.975009832692948,0.000605088796780928,0.00768462771911778,0.0016337397513085,0.0138867878861223,0.00117992315372281,0.0490995023144187,0.096039771177525,0.00929731347498659,0.690004019831167,0.18511322524454,0.124882754924293,0,0,12511,2415,14926,0.838201795524588,0.161798204475412,36.2576497599875,12.3010475861535,90.6511857309183,12.3010475861532,12.3010475861532,0,0,0
"Kalinovik","Foča","Repuplika Srpska",0,0,666.192804199976,137.84020566737,2029,57,8,1947,1,16,0,0.0280926564810251,0.003942828979793,0.959586002957122,0.000492853622474125,0.007885657959586,0,0.0783275331741013,0.152231479537698,0.000570727287712092,0.869653081845739,0.130346918154261,0,0,0,2265,704,2969,0.762883125631526,0.237116874368474,53.1866002321536,48.4800663335164,13.6124479192209,13.6124479192207,13.6124479192207,0,0,0
"Kiseljak","Central Bosnia","Federacija Bosna i Hercegovina",0,0,159.775343203456,82.4169178661727,20722,7838,11823,409,85,548,19,0.378245343113599,0.570553035421291,0.0197374770775022,0.00410192066402857,0.026445323810443,0.000916899913135798,0.530293104573017,0.91933075196161,0.00582878800195662,0.977560026927968,0.0181763781883462,0.00426359488368614,0,0,10003,3366,13369,0.748223502131797,0.251776497868203,73.0021937054883,85.0006890603595,71.0374844705854,71.0374844705852,71.0374844705852,13.8429309777515,0,0
"Kladanj","Tuzla","Federacija Bosna i Hercegovina",0,0,306.408992765354,93.5261126000541,12348,11997,33,107,40,162,9,0.971574344023324,0.00267249757045675,0.00866537091026887,0.00323939099449304,0.0131195335276968,0.000728862973760933,0.0557779160841375,0.108380016923094,0.00347330731822026,0.641378220325589,0.332543069385175,0,0,0.0260787102892366,5771,556,6327,0.912122648964754,0.0878773510352458,54.8341792828015,21.9638344253008,69.2300740510807,21.9638344253008,21.9638344253008,0,0,0
"Ključ","Una-Sana","Federacija Bosna i Hercegovina",0,1,334.525372362633,85.5414145143283,16744,16130,30,273,30,258,23,0.963330148112757,0.00179168657429527,0.016304347826087,0.00179168657429527,0.0154085045389393,0.00137362637362637,0.071483464835918,0.138133436925708,0.00470983622742793,0.916294227188082,0.0501862197392924,0,0.0335195530726257,0,6068,4672,10740,0.564990689013035,0.435009310986965,34.4918516149609,169.543422124994,198.736833631248,169.543422124994,34.4918516149609,0,0,0
"Konjic","Herzegovina-Neretva","Federacija Bosna i Hercegovina",0,0,1127.27521206323,193.293413085217,25148,22486,1553,355,168,562,24,0.894146651821218,0.0617544138698903,0.0141164307300779,0.00668045172578336,0.0223477016064896,0.00095435024654048,0.195943924801188,0.355750500968268,0.0070737554615001,0.867316752492604,0.10408677550126,0,0.0285964720061356,0,15125,3129,18254,0.828585515503451,0.171414484496549,45.0750946557748,65.2001018202095,37.9686270732162,37.9686270732161,37.9686270732161,0,0,0
"Kostajnica","Banja Luka","Repuplika Srpska",0,0,92.9296404071146,43.7695870808974,5977,1460,86,4315,70,44,2,0.244269700518655,0.0143884892086331,0.721934080642463,0.0117115609837711,0.00736155261837042,0.000334616028107746,0.418745002908226,0.761644142768677,0.00168124051190497,NA,NA,NA,NA,NA,0,0,0,NA,NA,0,180.293304646923,257.715580704759,180.293304646923,0,22.806146048992,0,0
"Kotor Varoš","Banja Luka","Repuplika Srpska",0,0,556.319290753334,138.115332993227,19710,5234,1116,13091,115,134,20,0.265550481988838,0.05662100456621,0.66418061897514,0.00583460172501268,0.00679857940131913,0.00101471334348047,0.485059815832875,0.812153585648278,0.00554412757062856,0.866592323042611,0.0932034276323512,0.00240638572602418,0.037797863599014,0,9688,7350,17038,0.56861133935908,0.43138866064092,47.9499996859255,110.517914399981,137.149716510811,110.517914399981,47.9499996859255,0,0,0
"Kreševo","Central Bosnia","Federacija Bosna i Hercegovina",0,0,146.768008898752,57.5214218707377,5273,1014,4149,26,28,53,3,0.192300398255263,0.786838611795942,0.00493077944244263,0.00531007016878437,0.0100512042480561,0.000568936089512611,0.343751695991685,0.647969076756402,0.00148321586402458,0.966555183946488,0.0334448160535117,0,0,0,2960,628,3588,0.824972129319955,0.175027870680045,61.6671413783166,89.4904661340618,75.3067814690758,75.3067814690756,61.6671413783166,19.1141445717098,0,0
"Krupa na Uni","Banja Luka","Repuplika Srpska",0,1,103.043851457108,62.8158449792208,1597,3,2,1592,0,0,0,0.00187852222917971,0.00125234815278647,0.996869129618034,0,0,0,0.00624684119292229,0.0124655400065899,0.000449212162876398,1,0,0,0,0,1231,409,1640,0.750609756097561,0.249390243902439,3.97789552624418,204.650076131842,250.304489010522,204.650076131842,3.97789552624418,0,0,0
"Kupres-FBIH","Canton 10","Federacija Bosna i Hercegovina",0,1,571.299138597107,120.185532067319,5057,255,4474,318,4,5,1,0.0504251532529168,0.8847142574649,0.0628831322918726,0.000790982796124184,0.00098872849515523,0.000197745699031046,0.210782055889731,0.385432516410046,0.00142245830160673,1,0,0,0,0,1529,810,2339,0.653698161607525,0.346301838392475,22.1290498835194,142.323828827343,120.624427409249,120.624427409249,22.1290498835194,0,0,0
"Kupres-RS","Banja Luka","Repuplika Srpska",0,1,56.9683794884739,35.1805063641504,300,0,0,299,1,0,0,0,0,0.996666666666667,0.00333333333333333,0,0,0.00664444444444445,0.0132888888888887,8.43855033581211e-05,1,0,0,0,0,160,77,237,0.675105485232067,0.324894514767932,36.1724388473014,151.350064841391,146.632574770563,146.632574770563,36.1724388473014,0,0,0
"Laktaši","Banja Luka","Repuplika Srpska",0,0,384.729441329813,93.1655380204634,34966,112,521,33462,245,579,47,0.00320311159412,0.0149001887547904,0.956986787164674,0.0070068066121375,0.0165589429731739,0.00134416290110393,0.0836189129382283,0.159766674556884,0.00983541170140021,0.501205713225747,0.395721263834786,0.00618314474741854,0.0968898781920485,0,2446,172,2618,0.934300993124523,0.0656990068754775,14.374517744566,119.768657927426,183.791917134863,119.768657927426,14.374517744566,34.2650564701016,0,0
"Livno","Canton 10","Federacija Bosna i Hercegovina",0,0,964.691617043638,153.213112807674,34133,4047,29273,438,137,216,22,0.118565610992295,0.857615797029268,0.0128321565640289,0.00401371107139718,0.00632818679869921,0.000644537544311956,0.250216105080424,0.469336434932817,0.00960110128707583,0.905547034764826,0.0318890593047035,0.0625639059304703,0,0,13244,2404,15648,0.846370143149284,0.153629856850716,0,165.387425158457,136.563543391384,136.563543391384,0,19.1574368058881,0,0
"Ljubinje","Trebinje","Repuplika Srpska",0,0,328.765719695411,88.9020920868275,3511,12,10,3469,5,13,2,0.00341782967815437,0.00284819139846198,0.98803759612646,0.00142409569923099,0.00370264881800057,0.000569638279692395,0.0237458527420962,0.0468546260120992,0.000987591674301211,0.817417876241406,0.118411000763942,0,0.0641711229946524,0,2446,172,2618,0.934300993124523,0.0656990068754775,9.36736133130582,94.8843216555137,18.1302450737139,18.1302450737139,9.36736133130582,0,0,0
"Ljubuški","West Herzegovina","Federacija Bosna i Hercegovina",0,0,274.626624913783,87.5598127594553,28184,707,27271,41,51,78,36,0.0250851546977008,0.967605733749645,0.0014547260857224,0.00180953732614249,0.00276752767527675,0.00127732046551235,0.063095197618279,0.123830449403065,0.00792773675548428,0.959054658626726,0,0.0409453413732737,0,0,8981,1301,10282,0.873468196848862,0.126531803151138,0,127.147047020346,70.8343253190558,70.8343253190558,0,19.2703713692117,0,0
"Lopare","Bijeljina","Repuplika Srpska",0,1,302.757305581096,80.7513781973235,15357,1371,50,13869,25,31,11,0.0892752490720844,0.00325584424041154,0.903106075405353,0.00162792212020577,0.00201862342905515,0.000716285732890539,0.176411507911112,0.34521229068598,0.00431969391690222,0.730727789205603,0.239690469193849,0,0.0295817416005485,0,9432,777,10209,0.92389068468998,0.0761093153100206,9.76315217084088,14.9581787738557,107.900768038006,14.9581787738557,9.76315217084088,0,0,0
"Lukavac","Tuzla","Federacija Bosna i Hercegovina",0,1,343.674538078256,81.8280838351175,44520,38561,1524,1499,378,2478,80,0.86615004492363,0.0342318059299191,0.033670260557053,0.00849056603773585,0.0556603773584906,0.00179694519317161,0.244305200364233,0.422575683609099,0.0125228086983452,0.462582345191041,0.410715854194115,0.102722880983751,0.0119016249451032,0.0120772946859903,21550,1220,22770,0.946420729029425,0.0535792709705753,36.3588356583669,43.1737693061782,105.008761135958,43.1737693061782,36.3588356583669,0,0,0
"Maglaj","Zenica-Doboj","Federacija Bosna i Hercegovina",0,0,303.2276270349,100.622482400357,23146,19810,2041,810,96,378,11,0.855871424868228,0.0881793830467467,0.0349952475589735,0.00414758489587834,0.016331115527521,0.000475244102652726,0.258199699496012,0.456511777679035,0.00651062286909024,0.8300395256917,0.151314658876096,0,0.0186458154322048,0,9180,2458,11638,0.78879532565733,0.211204674342671,50.8229433526956,64.1563859653352,118.731012210795,64.1563859653352,50.8229433526956,0,0,0
"Milići","Vlasenica","Repuplika Srpska",0,0,252.759197406486,94.0465872945176,11441,4199,24,7180,9,21,8,0.367013372956909,0.00209771873088017,0.62756752032165,0.000786644524080063,0.00183550388952015,0.000699239576960056,0.471451314264132,0.927802350485404,0.00321818181306755,NA,NA,NA,NA,NA,0,0,0,NA,NA,62.5833862558332,4.59327051903409,50.791259898315,4.59327051903409,4.59327051903409,15.680912238767,0,0
"Modriča","Doboj","Repuplika Srpska",0,0,395.603021488304,99.3489071300929,25720,3101,1674,20227,170,429,119,0.12056765163297,0.0650855365474339,0.786430793157076,0.00660964230171073,0.0166796267496112,0.00462674961119751,0.362410617754548,0.596677936459501,0.00723465048790292,0.843474306502956,0.115825375170532,0.00313778990450205,0.03756252842201,0,14629,7361,21990,0.665256934970441,0.334743065029559,8.4577728045085,41.6431640512834,146.301960910319,41.6431640512834,8.4577728045085,0,0,0
"Mostar","Herzegovina-Neretva","Federacija Bosna i Hercegovina",0,1,1061.39566791897,183.214665592782,105797,46752,51216,4421,1312,1910,186,0.441902889495921,0.484096902558674,0.0417875743168521,0.0124011077818842,0.0180534419690539,0.00175808387761468,0.568143018720898,0.928136850494745,0.0297591103292638,0.945458551549974,0.0439145099235606,0.00179657971898781,0.00883035880747784,0,44997,14004,59001,0.762648090710327,0.237351909289673,14.2690650676812,93.8228582729816,50.2582683439434,50.2582683439434,14.2690650676812,0,0,0
"Mrkonjić Grad","Banja Luka","Repuplika Srpska",0,0,656.7852184311,156.133691587395,16671,375,159,16050,37,37,13,0.0224941515206046,0.00953752024473637,0.962749685081879,0.00221942295003299,0.00221942295003299,0.000779797252714294,0.0725056329694751,0.140487881026012,0.00468930242161079,0.488780990215552,0.480467887883469,0,0.0307511219009784,0,11568,2025,13593,0.851026263517987,0.148973736482013,35.7342562188757,144.757970649926,168.9467558953,144.757970649926,35.7342562188757,0,0,0
"Neum","Herzegovina-Neretva","Federacija Bosna i Hercegovina",0,0,212.038604480237,83.7701004721255,4653,63,4543,21,7,12,7,0.0135396518375242,0.976359338061466,0.00451321727917473,0.00150440575972491,0.00257898130238556,0.00150440575972491,0.0465075740601483,0.0909935334704156,0.00130881915708446,0.988089330024814,0.0119106699751861,0,0,0,1874,141,2015,0.930024813895782,0.0699751861042184,0,114.878783340575,43.662991154613,43.662991154613,0,0,0,0
"Nevesinje","Trebinje","Repuplika Srpska",0,0,967.245725779476,161.792376545543,12961,533,28,12353,19,21,7,0.041123370110331,0.00216032713525191,0.953090039348816,0.00146593627034951,0.00162024535143893,0.000540081783812977,0.0899185124590297,0.176973604193164,0.00364573503008203,0.913219148001757,0.00395256916996047,0.0161616161616162,0.0666666666666667,0,9511,1874,11385,0.835397452788757,0.164602547211243,27.3160157226324,70.0991782872417,14.6906908703892,14.6906908703892,14.6906908703892,0,0,0
"Novi Grad","Banja Luka","Repuplika Srpska",0,0,474.321638140459,119.970684547337,27115,6439,181,20116,147,207,25,0.237470035035958,0.00667527198967361,0.741877189747372,0.00542135349437581,0.00763415083901899,0.000921998893601328,0.393093137121722,0.740795476595996,0.00762704307851818,0.70923401804569,0.264196582837397,0.00353234785947399,0.023037051257439,0,18227,7818,26045,0.699827222115569,0.300172777884431,0,185.705869408343,247.518816827737,185.705869408343,0,0,0,0
"Novi Travnik","Central Bosnia","Federacija Bosna i Hercegovina",0,0,244.486649358474,87.9709059746426,23832,12067,11002,367,104,270,22,0.506336018798254,0.461648204095334,0.0153994629070158,0.00436388049681101,0.0113293051359517,0.000923128566633098,0.530119379491057,0.966707644446263,0.00670358438676914,1,0,0,0,0,13649,1899,15548,0.877862104450733,0.122137895549267,63.1584379547455,111.007355899154,106.529280922825,106.529280922825,63.1584379547455,16.6610965685538,0,0
"Novo Goražde","Foča","Repuplika Srpska",0,1,162.792051122253,79.2731482400935,3117,1459,2,1618,6,25,7,0.468078280397818,0.000641642605068977,0.519088867500802,0.00192492781520693,0.00802053256336221,0.00224574911774142,0.51137598167253,0.984794494308244,0.000876765379890878,0.964054213317619,0.0249459831074445,0.0109998035749362,0,0,3360,1731,5091,0.65998821449617,0.34001178550383,111.732014419219,10.8862473595004,0.677538574020748,0.677538574020434,0.677538574020434,0,0,0
"Novo Sarajevo","Sarajevo","Federacija Bosna i Hercegovina",1,1,9.76411891699341,12.3752814792361,64814,48188,4639,3402,1893,6655,37,0.743481346622643,0.0715740426451075,0.0524886598574382,0.0292066528836363,0.102678433671738,0.000570864319437159,0.42796136902997,0.637799263688457,0.0182312067155109,0.632093209629196,0.327096754307555,0.0110655611379959,0.0297444749252535,0,29042,3401,32443,0.89516999044478,0.10483000955522,94.3016137425466,67.6871848387603,55.0795984336264,55.0795984336262,55.0795984336262,0,0,0
"Odžak","Posavina","Federacija Bosna i Hercegovina",0,1,157.166777119652,62.9331072231099,18822,6220,11621,582,102,228,69,0.330464350228456,0.61741579003294,0.0309212623525661,0.00541919030921262,0.0121134842205929,0.00366592285623207,0.508445387866651,0.880295406868372,0.00529434648068852,0.96580547112462,0.0341945288753799,0,0,0,5578,3634,9212,0.60551454624403,0.39448545375597,0,45.710802863831,169.447052952085,45.710802863831,0,0,0,0
"Olovo","Zenica-Doboj","Federacija Bosna i Hercegovina",0,0,396.661853483411,135.407668057616,10175,9701,230,77,20,139,8,0.953415233415233,0.0226044226044226,0.00756756756756757,0.00196560196560197,0.0136609336609337,0.000786240786240786,0.0902400618174574,0.172361484632933,0.00286207498889627,0.773610361575823,0.187263896384242,0.0280626011872639,0.0110631408526713,0,6821,591,7412,0.920264436049649,0.0797355639503508,67.0014902398793,29.1640605459556,62.6572486605994,29.1640605459555,29.1640605459555,0,0,0
"Orašje","Posavina","Federacija Bosna i Hercegovina",0,1,117.625175390288,57.892049090974,19861,2015,17345,157,100,218,26,0.101455113035597,0.873319571018579,0.00790493932833191,0.00503499320275918,0.010976285182015,0.00130909823271739,0.226809755117943,0.42429783768358,0.00558660160731881,0.891988710377768,0.0108554059921841,0.0971558836300478,0,0,8512,700,9212,0.924012158054711,0.0759878419452888,0,17.3289605706675,155.623568795458,17.3289605706675,0,0,0,0
"Osmaci","Vlasenica","Repuplika Srpska",0,1,85.8537927880502,45.1321739414616,6016,2895,9,3095,7,6,4,0.481216755319149,0.00149601063829787,0.514461436170213,0.00116356382978723,0.000997340425531915,0.000664893617021277,0.50375483639373,0.994588804843436,0.00169221062734152,0.930226144511859,0.0697738554881412,0,0,0,1981,1645,3626,0.546332046332046,0.453667953667954,48.2517456007724,5.59335539044305,86.3408652753159,5.59335539044305,5.59335539044305,0,0,0
"Oštra Luka","Banja Luka","Repuplika Srpska",0,1,236.332375674663,138.522246273581,2786,23,160,2580,12,8,3,0.00825556353194544,0.0574300071787509,0.926058865757358,0.00430725053840632,0.00287150035893754,0.00107681263460158,0.139020659651452,0.266460173333297,0.000783660041185751,0.78281027104137,0.145506419400856,0,0.0716833095577746,0,1836,968,2804,0.654778887303852,0.345221112696148,14.0019170886115,165.23532721204,202.71514702074,165.23532721204,14.0019170886115,0,0,0
"Pale","Istočno Sarajevo","Repuplika Srpska",1,1,508.418908630621,109.449752321684,20909,186,128,20451,55,75,14,0.00889569085082979,0.0061217657468076,0.978095556937204,0.00263044621933139,0.00358697211727008,0.000669568128557081,0.0431922382303667,0.0843647556654288,0.00588138829904985,0.979722658294087,0.0143249607535322,0.00156985871271586,0.0043825222396651,0,13543,1745,15288,0.885858189429618,0.114141810570382,98.841921911477,35.3946872775304,23.723612933166,23.723612933165,23.723612933165,0,0,0
"Pale-Prača","Bosnian Podrinje","Federacija Bosna i Hercegovina",0,1,84.2202697528685,55.384743185653,904,859,1,33,1,10,0,0.950221238938053,0.00110619469026549,0.0365044247787611,0.00110619469026549,0.0110619469026549,0,0.0956222100399405,0.18541457957498,0.000254281650119138,NA,NA,NA,NA,NA,0,0,0,NA,NA,105.071503661273,27.9317131719004,17.491628051802,17.4916280518009,17.4916280518009,0,0,0
"Pelagićevo","Doboj","Repuplika Srpska",0,1,117.963612108943,50.1239987183425,5220,13,1850,3330,7,12,8,0.0024904214559387,0.354406130268199,0.637931034482759,0.00134099616858238,0.00229885057471264,0.00153256704980843,0.467424656126598,0.913802888268289,0.00146830775843131,0.804810360777058,0.147779833487512,0,0.0474098057354302,0,2894,1430,4324,0.669287696577243,0.330712303422757,8.41707702922025,26.6659513295915,145.209928890612,26.6659513295915,8.41707702922025,0,0,0
"Petrovac","Banja Luka","Repuplika Srpska",0,1,163.658007882215,53.6538956733153,361,0,0,358,0,3,0,0,0,0.991689750692521,0,0.00831024930747922,0,0.0164823781278536,0.0329647562557072,0.000101543889040939,0.662087912087912,0.241758241758242,0,0.0961538461538462,0,104,260,364,0.285714285714286,0.714285714285714,22.5600114469772,188.947581069848,209.845643423694,188.947581069848,22.5600114469772,0,0,0
"Petrovo","Doboj","Repuplika Srpska",0,1,245.148995639499,75.1946707230234,6474,7,36,6371,23,33,4,0.00108124806919988,0.00556070435588508,0.984090206981773,0.00355267222737102,0.00509731232622799,0.000617856039542787,0.0314953881732579,0.0619132108976004,0.00182103916246825,0.666532824733989,0.19494077494479,0.0797028709094559,0.0588235294117647,0,4822,159,4981,0.968078699056414,0.0319213009435856,42.6265183892481,54.9118476581293,123.078745433022,54.9118476581293,42.6265183892481,0,0,0
"Posušje","West Herzegovina","Federacija Bosna i Hercegovina",0,0,452.369155660807,140.223727990189,20477,2,20424,5,4,12,30,9.76705572105289e-05,0.997411730233921,0.000244176393026322,0.000195341114421058,0.000586023343263173,0.00146505835815793,0.00516724325262485,0.0103099303794218,0.00575987317421415,1,0,0,0,0,6570,470,7040,0.933238636363636,0.0667613636363636,0,128.099471778885,95.7480380818012,95.748038081801,0,33.575788988949,0,0
"Prijedor","Banja Luka","Repuplika Srpska",0,0,805.925326723255,148.016856395704,89397,29034,1762,55895,746,1571,389,0.324775999194604,0.019709833663322,0.625244695012137,0.00834479904247346,0.0175732966430641,0.0043513764443997,0.502803753260366,0.873991266088329,0.0251460361456865,0.809316587220824,0.132250548979701,0.00282523699855391,0.0556076268009212,0,47111,27573,74684,0.630804456108403,0.369195543891597,12.0480504393989,154.105289884699,212.04485052071,154.105289884699,12.0480504393989,2.64323416253373,0,0
"Prnjavor","Banja Luka","Repuplika Srpska",0,0,638.559099060576,142.589195585392,35956,2979,451,30673,239,1581,33,0.0828512626543553,0.0125431082434086,0.853070419401491,0.00664701301590833,0.0439704082767827,0.000917788408054289,0.263270776332715,0.461076087801862,0.010113883862482,0.759535466241603,0.15863979657672,0.0111199666021481,0.0707047705795286,0,22127,4222,26349,0.839766215036624,0.160233784963376,4.46521437906885,93.5103380584326,162.61398324013,93.5103380584326,4.46521437906885,14.537671318687,0,0
"Prozor-Rama","Herzegovina-Neretva","Federacija Bosna i Hercegovina",0,0,472.864840903906,119.818135499828,14280,3525,10702,3,7,20,23,0.246848739495798,0.749439775910364,0.000210084033613445,0.000490196078431373,0.00140056022408964,0.00161064425770308,0.377400881921396,0.74650891197639,0.00401674995984656,0.977486316224311,0.0225136837756894,0,0,0,6608,3075,9683,0.682433130228235,0.317566869771765,26.2515056321389,115.51353528438,89.5332947993585,89.5332947993584,26.2515056321389,26.3454210182247,0,0
"Ravno","Herzegovina-Neretva","Federacija Bosna i Hercegovina",0,1,320.829799389883,123.582540263375,3219,20,2633,558,3,0,5,0.00621310966138552,0.817955886921404,0.173345759552656,0.000931966449207828,0,0.00155327741534638,0.300857530731876,0.586714062604129,0.000905456451032639,NA,NA,NA,NA,NA,0,0,0,NA,NA,0,114.628208057285,14.4403741604061,14.4403741604061,0,0,0,0
"Ribnik","Banja Luka","Repuplika Srpska",0,1,548.271965508616,137.405860528096,6048,0,11,6018,3,14,2,0,0.00181878306878307,0.995039682539683,0.000496031746031746,0.00231481481481481,0.000330687830687831,0.00988700842991508,0.0196809326886476,0.00170121174769972,0.658662726265238,0.284447728112301,0,0.0568895456224603,0,4464,950,5414,0.824528998891762,0.175471001108238,34.8574099101611,162.73511934911,187.808081199899,162.73511934911,34.8574099101611,0,0,0
"Rogatica","Istočno Sarajevo","Repuplika Srpska",0,0,631.429818858904,148.981050495978,10723,1117,19,9527,12,43,5,0.104168609530915,0.0017718921943486,0.888464049239951,0.00111908980695701,0.00401007180826261,0.00046628741956542,0.199759843932735,0.391137300392423,0.00301621917503044,0.914428061671043,0.0671918131017303,0.00208712044704773,0.0162930047801791,0,8211,6642,14853,0.552817612603514,0.447182387396486,95.6036489495198,3.98175037280259,14.5423362213802,3.98175037280259,3.98175037280259,0,0,0
"Rudo","Foča","Repuplika Srpska",0,0,343.383752984837,106.595304316088,7963,677,9,7241,6,27,3,0.0850182092176315,0.00113022730126837,0.909330654276027,0.000753484867512244,0.0033906819038051,0.000376742433756122,0.165876181483528,0.326399562470474,0.00223987254413573,0.878389218674795,0.0633723728541633,0.00561527354403979,0.0526231349270014,0,4861,1372,6233,0.77988127707364,0.22011872292636,128.245932263505,0,9.08958743341248,0,0,9.94818345851262,0,0
"Sanski Most","Una-Sana","Federacija Bosna i Hercegovina",0,1,715.942507199983,126.193126096798,41475,38344,722,1837,127,375,70,0.924508740204943,0.0174080771549126,0.044291742013261,0.00306208559373116,0.00904159132007233,0.00168776371308017,0.142924814435735,0.267157822911293,0.0116662958392602,0.85415866308106,0.125480215136381,0,0.0203611217825586,0,9887,10937,20824,0.474788705339992,0.525211294660008,17.7209983307111,171.123232857826,207.486610514867,171.123232857826,17.7209983307111,0,0,0
"Sapna","Tuzla","Federacija Bosna i Hercegovina",0,1,89.5481745826876,51.2762121910909,11178,10827,3,234,10,93,11,0.968599033816425,0.000268384326355341,0.0209339774557166,0.00089461442118447,0.00831991411701557,0.000984075863302916,0.0613066185364428,0.119837713828387,0.00314420385512359,NA,NA,NA,NA,NA,0,0,0,NA,NA,31.1574045642882,7.1930435683104,98.6137956657155,7.1930435683104,7.1930435683104,0,0,0
"Sarajevo Centar","Sarajevo","Federacija Bosna i Hercegovina",1,0,31.7473542247513,28.8692645834051,55181,41702,3333,2186,1617,6203,140,0.75573113934144,0.0604012250593501,0.0396150849024121,0.029303564632754,0.112411880901035,0.00253710516300901,0.410151215318691,0.626000794990727,0.0155215882026816,0.615293208959658,0.349563305804765,0.0106648446319292,0.024478640603648,0,30246,3416,33662,0.898520587012061,0.101479412987939,97.8152166537519,62.0952193396157,53.945007466199,53.9450074661988,53.9450074661988,0,0,0
"Sarajevo Novi Grad","Sarajevo","Federacija Bosna i Hercegovina",1,0,40.7232747923128,32.6936661233338,118553,99773,4947,4367,2103,7174,189,0.841589837456665,0.0417281722098977,0.0368358455711791,0.0177389015883191,0.0605130194933911,0.00159422368054794,0.28464938990783,0.475700216027495,0.0333471819320511,0.706600417126733,0.251625567415041,0.0179937022042285,0.0237803132539975,0,44962,3944,48906,0.919355498302867,0.0806445016971333,88.5529891941859,70.2202753925215,56.6307323557078,56.6307323557076,56.6307323557076,0,0,0
"Sarajevo Stari Grad","Sarajevo","Federacija Bosna i Hercegovina",1,1,41.1193654267251,33.9156915810126,36976,32794,685,467,547,2434,49,0.8868996105582,0.0185255300735612,0.0126298139333622,0.0147933794893985,0.0658264820424059,0.00132518390307226,0.208352647400042,0.374893304030718,0.0104007945738996,0.697938756467894,0.25901263890067,0.0191280006785987,0.0239206039528374,0,21642,1936,23578,0.917889558062601,0.0821104419373993,99.1993789714105,57.4952056921547,51.9289271297189,51.9289271297187,51.9289271297187,0.49429995232223,0,0
"Skender Vakuf","Banja Luka","Repuplika Srpska",0,1,331.654600265373,118.980785977986,9793,429,31,9288,4,37,4,0.0438068007760645,0.0031655263964056,0.948432553865006,0.000408455018891045,0.00377820892474216,0.000408455018891045,0.0985320258838194,0.192982734559617,0.00275462411462027,0.648656215005599,0.203667413213886,0.10456326987682,0.0431131019036954,0,6508,636,7144,0.910974244120941,0.0890257558790594,54.1882398032625,118.413969774043,140.292982073942,118.413969774043,54.1882398032625,0,0,0
"Sokolac","Istočno Sarajevo","Repuplika Srpska",0,0,716.639111824978,141.857409685616,12021,671,29,11250,14,38,19,0.0558189834456368,0.00241244488811247,0.935862241078113,0.00116462856667499,0.00316113468097496,0.00158056734048748,0.121026439595721,0.236543006348963,0.00338132711955991,0.924381301558204,0.0756186984417965,0,0,0,8651,2259,10910,0.792942254812099,0.207057745187901,83.4554677171153,16.5488970340883,31.1873153165899,16.5488970340883,16.5488970340883,0,0,0
"Srbac","Banja Luka","Repuplika Srpska",0,0,471.012493669494,124.673401299834,17587,417,131,16630,92,287,30,0.0237106954000114,0.00744868368681412,0.945584806959686,0.0052311366350145,0.0163188718940126,0.00170580542446125,0.104955112739461,0.19820125404045,0.00494695949186425,0.413663400979706,0.494139258222533,0,0.0921973407977607,0,10893,539,11432,0.952851644506648,0.047148355493352,0,95.2222182154922,189.111569846482,95.2222182154922,0,30.5044206461208,0,0
"Srebrenica","Vlasenica","Repuplika Srpska",0,0,516.363469160645,132.888859106425,13409,7248,16,6028,23,67,27,0.540532478186293,0.00119322842866731,0.44954881050041,0.00171526586620926,0.00499664404504437,0.00201357297337609,0.505697120144544,0.982085166785618,0.00377175071509682,0.901891615541922,0.0402351738241309,0.0390593047034765,0.0188139059304703,0,8332,11228,19560,0.425971370143149,0.574028629856851,79.463208702249,0,43.9551217404471,0,0,27.768619784508,0,0
"Srebrenik","Tuzla","Federacija Bosna i Hercegovina",0,0,253.849365182976,72.0245014866181,39678,35951,1968,394,184,1147,34,0.906068854276929,0.0495992741569636,0.00992993598467665,0.00463733051061041,0.0289077070416856,0.000856898029134533,0.17562264504883,0.321532467644708,0.0111608266741451,0.574706280371532,0.354431937011749,0,0.0538229685673864,0.0170388140493326,14779,1478,16257,0.909085317094175,0.0909146829058252,22.5573036470807,33.9189624500756,119.09217535818,33.9189624500756,22.5573036470807,0,0,0
"Stolac","Herzegovina-Neretva","Federacija Bosna i Hercegovina",0,1,224.570691176412,84.9693884915767,14502,5544,8486,279,18,72,103,0.382292097641705,0.585160667494139,0.0192387256930079,0.00124120810922631,0.00496483243690525,0.00710246862501724,0.510992981512962,0.931047414114034,0.00407919523233157,0.993244476903414,0.00109549023187877,0.00209968961110097,0.00356034325360599,0,6392,4562,10954,0.583531130180756,0.416468869819244,5.10262554735707,104.625688791545,41.9823766063724,41.9823766063724,5.10262554735707,0,0,0
"Teočak","Tuzla","Federacija Bosna i Hercegovina",0,1,32.1210876714079,25.7194483826636,7424,7398,5,7,0,12,2,0.996497844827586,0.000673491379310345,0.000942887931034483,0,0.00161637931034483,0.000269396551724138,0.00698801736911048,0.0139267617737541,0.0020882599231023,NA,NA,NA,NA,NA,0,0,0,NA,NA,27.1981853768923,8.92779298992192,110.234997873891,8.92779298992192,8.92779298992192,0,0,0
"Teslić","Banja Luka","Repuplika Srpska",0,0,840.776331993046,145.926780552505,38536,7184,1442,29041,351,467,51,0.186423084907619,0.0374195557400872,0.753607016815445,0.00910836620303093,0.0121185385094457,0.00132343782437202,0.395691101670098,0.679135744931874,0.0108395991913619,0.740938902312737,0.225302036589575,0.00331377286848464,0.0304452882292026,0,22696,6274,28970,0.783431135657577,0.216568864342423,35.1447744518662,88.3687856888073,130.132193505817,88.3687856888073,35.1447744518662,0,0,0
"Tešanj","Zenica-Doboj","Federacija Bosna i Hercegovina",0,0,128.866975359692,63.6974049742273,43063,40461,1462,226,128,750,36,0.939576898961986,0.0339502589229733,0.00524812484035018,0.00297238929010984,0.0174163434967373,0.000835984487843392,0.115702225052749,0.219160961629491,0.0121129764370359,0.865110504097343,0.134889495902657,0,0,0,17947,2188,20135,0.891333498882543,0.108666501117457,41.6115486891161,77.1075743418768,133.797849540519,77.1075743418768,41.6115486891161,0,0,0
"Tomislavgrad","Canton 10","Federacija Bosna i Hercegovina",0,0,989.537947497034,159.292208680936,31592,2467,29006,22,27,30,40,0.0780893897189162,0.918143833881995,0.000696378830083565,0.000854646746011649,0.000949607495568498,0.00126614332742466,0.150910227279941,0.298517030756057,0.00888635607363254,1,0,0,0,0,9957,2043,12000,0.82975,0.17025,0,132.494911421628,102.391936214257,102.391936214257,0,19.2943542579618,0,0
"Travnik","Central Bosnia","Federacija Bosna i Hercegovina",0,0,572.350942016614,122.684668960564,53482,35648,15102,640,327,1628,137,0.666542014135597,0.282375378632063,0.0119666429826858,0.00611420664896601,0.0304401480872069,0.00256160951348117,0.474872140408369,0.825808514289677,0.0150436849686634,0.914202881043699,0.0826261589103977,0,0.00317096004590342,0,27354,5759,33113,0.826080391387069,0.173919608612931,69.2219012671984,101.584769955129,118.177875650227,101.584769955129,69.2219012671984,0,0,0
"Trebinje","Trebinje","Repuplika Srpska",0,1,869.795538366685,172.934332284204,29198,995,295,27287,191,409,21,0.0340776765531886,0.0101034317419001,0.934550311665183,0.00654154394136585,0.0140078087540242,0.000719227344338653,0.125112819803084,0.23448796070023,0.00821295975683473,0.763842260860851,0.142406173272536,0.0108733777621887,0.0828781881044245,0,16754,3203,19957,0.839504935611565,0.160495064388435,0,94.0126108457326,0,0,0,0,0,0
"Trnovo-FBIH","Sarajevo","Federacija Bosna i Hercegovina",1,1,319.576933751821,105.641069160447,1502,1376,4,97,3,21,1,0.916111850865513,0.00266311584553928,0.0645805592543276,0.00199733688415446,0.0139813581890812,0.00066577896138482,0.156361424891091,0.298038377135873,0.000422490086812993,0.949685534591195,0,0,0.050314465408805,0,250,863,1113,0.224618149146451,0.775381850853549,72.6959797812208,47.1029593710532,29.0077350039888,29.0077350039886,29.0077350039886,0,0,0
"Trnovo-RS","Istočno Sarajevo","Repuplika Srpska",1,1,118.350508962556,72.3541010420011,2050,837,15,1178,9,10,1,0.408292682926829,0.00731707317073171,0.574634146341463,0.00439024390243902,0.0048780487804878,0.00048780487804878,0.502995835812017,0.956773065974086,0.000576634272947161,1,0,0,0,0,1935,1510,3445,0.561683599419448,0.438316400580552,80.0062258217089,53.8469288021567,36.1037909058536,36.1037909058536,36.1037909058536,0,0,0
"Tuzla","Tuzla","Federacija Bosna i Hercegovina",0,0,286.024347096657,81.3406721900592,110979,80774,15396,3378,2151,9143,137,0.727831391524523,0.138728948720028,0.0304381910091098,0.0193820452518044,0.082384955712342,0.00123446778219303,0.442924792310033,0.673001123946561,0.0312167292572697,0.36130506991446,0.614586495705127,0.00626819293890744,0.0149472293158562,0.00289301212564959,52889,3108,55997,0.944497026626426,0.0555029733735736,29.7066632531698,20.9888464876804,104.813280333874,20.9888464876804,20.9888464876804,0,0,0
"Ugljevik","Bijeljina","Repuplika Srpska",0,1,176.533758892376,70.9870226659298,15710,2186,42,13412,21,36,13,0.139147040101846,0.00267345639719924,0.853723742838956,0.00133672819859962,0.0022915340547422,0.000827498408656906,0.251779002050614,0.493180758982999,0.00441898752585361,0.818314803978935,0.158377218646382,0,0.023307977374683,0,8545,1709,10254,0.833333333333333,0.166666666666667,11.6222717076556,7.02699683764585,112.221317530567,7.02699683764613,7.02699683764613,0,0,0
"Usora","Zenica-Doboj","Federacija Bosna i Hercegovina",0,0,61.8969139024404,32.2269138606631,6603,374,6095,61,26,42,5,0.0566409207935787,0.923065273360594,0.00923822504922005,0.00393760411933969,0.00636074511585643,0.00075723156141148,0.144600425201061,0.274877795469917,0.00185732492891225,NA,NA,NA,NA,NA,0,0,0,NA,NA,38.5421368917682,78.405627869476,143.597829693473,78.405627869476,38.5421368917682,0,0,0
"Vareš","Zenica-Doboj","Federacija Bosna i Hercegovina",0,0,377.045160045404,110.673806358607,8892,5447,2820,189,91,343,2,0.612573099415205,0.317139001349528,0.0212550607287449,0.010233918128655,0.0385739991003149,0.000224921277552857,0.522132537012855,0.864147890093767,0.00250118631953471,0.863922921375045,0.110978946116332,0.00499583680266445,0.0201022957059593,0,6736,1671,8407,0.801237064351136,0.198762935648864,76.3148933820688,51.2588068072434,70.12107049374,51.2588068072432,51.2588068072432,10.7293625742612,0,0
"Velika Kladuša","Una-Sana","Federacija Bosna i Hercegovina",0,0,356.768859600161,105.721900300485,40419,32561,636,146,598,6407,71,0.805586481605186,0.0157351740518073,0.00361216259679854,0.0147950221430515,0.158514559984166,0.00175659961899107,0.325420933184503,0.591151142493635,0.0113692588674397,0.978131487889273,0.0124567474048443,0.0027681660899654,0.00664359861591696,0,18143,3532,21675,0.837047289504037,0.162952710495963,0,221.425871939868,282.596871461535,221.425871939868,0,12.4272553610148,0,0
"Visoko","Zenica-Doboj","Federacija Bosna i Hercegovina",0,0,241.125236012843,91.3676359341296,39938,36697,576,286,266,2062,51,0.918849216285242,0.014422354649707,0.00716109970454204,0.00666032350142721,0.0516300265411388,0.00127697931794281,0.152745181843415,0.285375767431416,0.0112339607770555,0.725610600674085,0.259245579204949,0,0.0151438201209659,0,20463,1196,21659,0.944780460778429,0.0552195392215707,82.4140048122072,73.6166523829002,69.2356011617429,69.2356011617427,69.2356011617427,12.4457334554473,0,0
"Vitez","Central Bosnia","Federacija Bosna i Hercegovina",0,0,155.490305158122,56.937606276966,34836,19513,14350,333,74,545,21,0.560138936732116,0.411930187162705,0.00955907681708577,0.00212423929268573,0.0156447353312665,0.000602824664140544,0.516216882977384,0.952530709501435,0.00979884464994502,0.971095428045413,0.0267566738263271,0,0.0021478981282602,0,14447,1848,16295,0.886590978827861,0.113409021172139,71.9422299277487,100.419420006828,107.676024033888,100.419420006828,71.9422299277487,19.3912372541897,0,0
"Višegrad","Foča","Repuplika Srpska",0,0,468.077825646795,120.489621467179,10668,1043,33,9338,20,54,180,0.0977690288713911,0.0030933633295838,0.875328083989501,0.00187476565429321,0.00506186726659168,0.0168728908886389,0.223918561782702,0.417864761115124,0.00300074849941479,0.989446067616719,0.00441237851052412,0,0.00614155387275654,0,10227,6544,16771,0.609802635501759,0.390197364498241,103.359012894257,0,16.1162211390938,0,0,13.0138307051348,0,0
"Vlasenica","Vlasenica","Repuplika Srpska",0,0,224.542047554544,74.4806238267181,11467,3763,31,7589,22,30,32,0.328159065143455,0.00270340978459928,0.661812156623354,0.00191854887939304,0.00261620301735415,0.00279061655184442,0.454290675996485,0.881998830719305,0.00322549522335858,0.947429849730098,0.0355979185916452,0,0.0169722316782571,0,12692,7871,20563,0.617225113067159,0.382774886932841,63.9010985727917,8.41093361852642,60.3576437385518,8.41093361852629,8.41093361852629,0,0,0
"Vogošća","Sarajevo","Federacija Bosna i Hercegovina",1,0,69.2608068617819,42.7787748911542,26343,24351,321,542,212,901,16,0.924382188816763,0.0121854002960938,0.0205747257335915,0.00804767870022397,0.0342026344759519,0.000607371977375394,0.143710811440664,0.265479189210366,0.00740989104987661,0.756760236930209,0.224568632500644,0,0.0186711305691476,0,6745,1021,7766,0.868529487509658,0.131470512490343,93.2596821618259,62.5495098171106,57.9516793096451,57.9516793096449,57.9516793096449,2.95060906613344,0,0
"Vukosavlje","Doboj","Repuplika Srpska",0,1,62.6835471988593,47.2411922706642,5407,2180,1516,1516,32,149,14,0.403181061586832,0.280377288699834,0.280377288699834,0.00591825411503606,0.0275568707231367,0.00258923617532828,0.679421072540582,0.843747904212294,0.00152090805552454,0.973578595317726,0,0,0.0264214046822742,0,1473,1517,2990,0.492642140468227,0.507357859531773,5.94516337392961,47.8703781568205,167.026220592866,47.8703781568205,5.94516337392961,0,0,0
"Zavidovići","Zenica-Doboj","Federacija Bosna i Hercegovina",0,0,596.056325575031,128.710585191574,35347,32735,573,573,162,1278,26,0.926104054092285,0.0162107109514244,0.0162107109514244,0.00458313293914618,0.036155826519931,0.000735564545788893,0.140476916740654,0.260706897758528,0.00994258129066502,0.817331844822774,0.182668155177226,0,0,0,19354,2144,21498,0.900269792538841,0.0997302074611592,58.2125932891465,49.2834198693867,93.121956961837,49.2834198693867,49.2834198693867,7.3192323180764,0,0
"Zenica","Zenica-Doboj","Federacija Bosna i Hercegovina",0,0,570.032549649833,119.371185564264,104793,92988,2409,2409,1305,5545,137,0.887349345853254,0.0229881766911912,0.0229881766911912,0.0124531218688271,0.0529138396648631,0.0013073392306738,0.208597562070409,0.370156258410656,0.0294767001780253,0.694316276979971,0.226121969343495,0.0624535572951769,0.0171081963813573,0,54125,3742,57867,0.935334473879759,0.0646655261202412,68.2983752681605,80.5789324738801,98.2460669281755,80.5789324738801,68.2983752681605,0,0,0
"Zvornik","Vlasenica","Repuplika Srpska",0,1,410.904989017142,135.389327586019,97329,19855,38579,38579,81,129,106,0.203998808166117,0.396377235972834,0.396377235972834,0.000832228832105539,0.00132540147335327,0.0010890895827554,0.644151024461862,0.891223624368758,0.0273771888544752,0.85894233901618,0.105766098382018,0.0021500705831252,0.0331414920186774,0,27280,18765,46045,0.592463894016723,0.407536105983277,30.3117604542341,0,76.2766918574707,0,0,0,0,0
"Čajniče","Foča","Repuplika Srpska",0,0,287.495493909928,92.1915459564762,4895,884,6,3972,3,25,5,0.180592441266599,0.00122574055158325,0.81144024514811,0.000612870275791624,0.00510725229826353,0.00102145045965271,0.30892209327439,0.603628469048773,0.00137689012979334,0.990093659942363,0.00990634005763689,0,0,0,3705,1847,5552,0.667327089337176,0.332672910662824,109.29195578957,0,0,0,0,3.73745748859361,0,0
"Čapljina","Herzegovina-Neretva","Federacija Bosna i Hercegovina",0,0,248.524717147348,97.6528544861961,26157,4541,20538,714,124,222,18,0.173605535803036,0.785181786902168,0.0272967083381122,0.00474060480942004,0.00848721183621975,0.000688152311044845,0.352510589517249,0.632653234814299,0.00735757203779458,0.966326471775356,0.0321743642968345,0,0.00149916392780949,0,13615,3728,17343,0.785042956812547,0.214957043187453,0,110.986300798558,52.7266890228289,52.7266890228289,0,2.19687736652316,0,0
"Čelinac","Banja Luka","Repuplika Srpska",0,0,365.726655087414,103.22236055314,15548,453,49,14874,39,124,9,0.0291355801389246,0.00315153074350399,0.956650373038333,0.00250836120401338,0.00797530228968356,0.000578852585541549,0.083891017196702,0.162305872746733,0.00437341935404022,0.64736215787386,0.291352637842126,0.032130107100357,0.0291550971836573,0,9228,856,10084,0.915113050376835,0.0848869496231654,32.910241731178,109.937779014608,166.544234735596,109.937779014608,32.910241731178,20.8903495341402,0,0
"Čelić","Tuzla","Federacija Bosna i Hercegovina",0,1,131.259843517454,60.5154007257211,10502,9341,843,192,36,80,10,0.889449628642163,0.0802704246810131,0.0182822319558179,0.00342791849171586,0.00761759664825747,0.000952199581032184,0.202031091936638,0.375132573471498,0.00295405518755663,0.853284671532847,0.146715328467153,0,0,0,4543,937,5480,0.829014598540146,0.170985401459854,13.3781635565159,22.2389782825207,115.752131008919,22.2389782825208,13.3781635565159,0,0,0
"Čitluk","Herzegovina-Neretva","Federacija Bosna i Hercegovina",0,0,184.493992802565,69.657951453427,18140,29,17900,18,21,86,86,0.0015986769570011,0.986769570011025,0.000992282249173098,0.00115766262403528,0.00474090407938258,0.00474090407938258,0.0262359827824504,0.0517290821334276,0.00510251010305439,1,0,0,0,0,7209,505,7714,0.934534612393052,0.0654653876069484,6.8310388920632,115.018761721925,60.7286386515921,60.7286386515921,6.8310388920632,7.99798693994135,0,0
"Šamac","Doboj","Repuplika Srpska",0,1,182.649488797384,70.5772953758867,17273,1265,2426,13256,151,152,23,0.0732356857523302,0.140450413940833,0.767440514097146,0.00874196723209633,0.00879986105482545,0.00133155792276964,0.38578964028637,0.636200330867493,0.00485863599834942,0.809572749963295,0.151299368668331,0,0.0391278813683747,0,10905,2717,13622,0.800543238878285,0.199456761121715,0.525341982096388,29.0575869205568,155.228685958279,29.0575869205568,0.525341982096388,0,0,0
"Šekovići","Vlasenica","Repuplika Srpska",0,0,246.557330706402,74.9817068178688,6761,107,8,6618,6,14,8,0.0158260612335453,0.0011832569146576,0.978849282650496,0.000887442685993196,0.00207069960065079,0.0011832569146576,0.0415957420952331,0.0820793460026562,0.00190176796068086,0.711762261014131,0.207605985037406,0.014546965918537,0.0660847880299252,0,4611,201,4812,0.958229426433915,0.0417705735660848,54.8570807984665,8.41921310647052,72.63774565408,8.41921310647052,8.41921310647052,0,0,0
"Šipovo","Banja Luka","Repuplika Srpska",0,0,535.470309051369,109.351176621268,10293,628,26,9576,24,34,5,0.0610123384824638,0.00252598853589818,0.930341008452346,0.00233168172544448,0.00330321577771301,0.000485767026134266,0.130720137982943,0.255242156771131,0.00289526662021714,0.437121305799431,0.52157784097935,0,0.0413008532212192,0,6445,1642,8087,0.796958080870533,0.203041919129467,36.1104425616577,146.310245580691,147.024475748227,146.310245580691,36.1104425616577,0,0,0
"Široki Brijeg","West Herzegovina","Federacija Bosna i Hercegovina",0,0,400.883596191727,102.673728447913,28929,6,28814,45,8,23,33,0.000207404334750596,0.996024750250614,0.00155553251062947,0.000276539113000795,0.000795049949877286,0.00114072384112828,0.00793022436106772,0.01579269637528,0.00813729408882362,1,0,0,0,0,11043,724,11767,0.938471997960398,0.0615280020396023,8.64442583840265,117.452724217881,71.7318953844453,71.7318953844453,8.64442583840265,18.1117916690568,0,0
"Žepče","Zenica-Doboj","Federacija Bosna i Hercegovina",0,0,194.036907227179,64.7253553770413,12919,11727,501,501,55,111,24,0.907732796656088,0.0387800913383389,0.0387800913383389,0.00425729545630467,0.00859199628454215,0.00185772892638749,0.172917980784978,0.316048204387837,0.00363392105961189,0.978519261062581,0.0157525418874409,0,0.00572819704997852,0,5491,1492,6983,0.786338250035801,0.213661749964199,65.9471236581376,77.4207493508695,111.537074027738,77.4207493508695,65.9471236581376,0,0,0
"Živinice","Tuzla","Federacija Bosna i Hercegovina",0,0,287.050082228934,89.4293618851753,57765,53089,2508,242,172,1716,38,0.919051328659223,0.0434172942092963,0.00418938803773912,0.00297758158054185,0.0297065697221501,0.000657837791049944,0.152550263853845,0.284239837560941,0.0162484286716062,0.579746195033517,0.375268771870652,0.0157679497449302,0.0107930351195244,0.0184240482313757,22225,1494,23719,0.93701252160715,0.0629874783928496,41.3634098278584,21.8033989885834,88.3703387661875,21.8033989885834,21.8033989885834,0.759213529053244,0,0
