"Municipality","Prewar Municipality","Municipality Area","Municipality Perimeter","Population, 1991","Muslim Population, 1991","Croat Population, 1991","Serb Population, 1991","Yugoslav Population, 1991","Other Population, 1991","Muslim Population Percentage, 1991","Croat Population Percentage, 1991","Serb Population Percentage, 1991","Yugoslav Population Percentage, 1991","Other Population Percentage, 1991","Ethnic Fractionalization, 1991","Ethnic Polarization, 1991","Percent of Population, 1991","Deaths per Population","Number of Deaths","Ethnic Dominance","Distance to Croatia","Distance to Serbia","Distance to Montenegro","Distance to Yugoslavia","Distance to Another Country","Distance to IEBL"
"Banja Luka","Banja Luka",1229.40168841247,189.323785381336,195692,28558,29026,106826,23656,7626,0.145933405555669,0.148324918749872,0.545888436931505,0.12088383786767,0.0389694008952844,0.642577457581493,0.746216998868165,0.0447088244479765,0.0092697,1814.0061324,"No",19.8364314558824,134.734112799094,173.524688962587,134.734112799094,19.8364314558824,0.489210519000857
"Banovići","Banovići",189.484539258456,70.3604802378882,26590,19162,550,4514,1928,436,0.7206468597217,0.0206844678450545,0.169763068822866,0.0725084618277548,0.016397141782625,0.445894413531796,0.698254917874855,0.00607489137047859,0.0109816,292.000744,"Yes",50.4139760769212,41.2948617300077,89.5244225989171,41.2948617300077,41.2948617300077,12.102796968495
"Berkovići","Stolac",524.924563312052,118.449849359612,18681,8101,6188,3917,307,168,0.433649162250415,0.3312456506611,0.209678282747176,0.0164338097532252,0.00899309458808415,0.657908794888538,0.859894513453656,0.00426795959728885,0.0100637,187.9999797,"No",4.86509088680042,88.7735172536607,24.6416417131483,24.6416417131483,4.86509088680042,0
"Bihać","Bihać",729.425767613888,180.147191190892,70732,46737,5580,12689,4356,1370,0.660761748572075,0.0788893287338121,0.179395464570491,0.0615845727534921,0.0193688853701295,0.520819839405729,0.736729265929793,0.0161598050551595,0.0218713,1547.0007916,"No",0,223.654151343579,247.391952595174,223.654151343579,0,12.0557923660654
"Bijeljina","Bijeljina",734.021844185727,135.788429164021,96988,30229,492,57389,4426,4452,0.311677733327834,0.00507279251041366,0.591712376788881,0.045634511485957,0.0459025858869138,0.548518164448955,0.855360834689532,0.0221583890274531,0.010723,1040.002324,"No",0.480586128179609,0,113.967565325879,0,0,0
"Bileća","Bileća",667.126757887924,132.80750594982,13284,1947,39,10628,222,448,0.146567299006323,0.00293586269196025,0.80006022282445,0.0167118337850045,0.0337247816922614,0.336996401137687,0.590785430522346,0.003034932567335,0.0076784,101.9998656,"No",14.9209869581118,71.0829731124346,0,0,0,14.3138922654157
"Bosanska Krupa","Bosanska Krupa",840.024431633415,153.765688759556,58320,43104,139,13841,708,528,0.739094650205761,0.00238340192043896,0.23732853223594,0.0121399176954733,0.00905349794238683,0.397179241792598,0.742848853695935,0.0133240941980561,0.022548,1314.99936,"No",0,205.780654658643,249.009920869855,205.780654658643,0,0
"Bosanski Petrovac","Bosanski Petrovac",838.882395200677,137.372093904873,15621,3288,48,11694,366,225,0.210485884386403,0.00307278663337814,0.748607643556751,0.0234299980795084,0.0144036873439601,0.39451641544568,0.706450063546702,0.00356885588936615,0.0239421,373.9995441,"No",2.94492251033371,188.179212256151,209.802832849761,188.179212256151,2.94492251033371,0
"Bosansko Grahovo","Bosansko Grahovo",771.215071192192,129.650117454535,8311,12,226,7888,135,50,0.0014438695704488,0.0271928769101191,0.94910359764168,0.016243532667549,0.00601612321020335,0.0981607775376331,0.187457311976368,0.0018987748093286,0.0212971,177.0001981,"Yes",0,194.661520700844,182.190510121757,182.190510121757,0,12.0541946790134
"Bratunac","Bratunac",257.129545162228,120.237764646031,33619,21535,40,11475,223,346,0.640560397394331,0.00118980338499063,0.341324846069187,0.00663315387132276,0.010291799280169,0.473028391251064,0.897487025482361,0.00768077371132454,0.1072013,3604.0005047,"No",66.9986093475407,0,61.7122312277863,0,0,22.3136396855869
"Breza","Breza",65.0002448772612,37.3944082375218,17317,13079,851,2122,1001,264,0.755269388462205,0.0491424611653289,0.122538545937518,0.0578044695963504,0.0152451348385979,0.408563703280498,0.63380485888831,0.00395633297715599,0.0152451,263.9993967,"Yes",93.7896398785743,69.3387220897303,70.7302526565159,69.3387220897303,69.3387220897303,13.6910068617474
"Brod","Bosanski Brod",245.710390565321,79.7193862917552,34138,4088,13993,11389,3664,1004,0.119749253031812,0.409895131524987,0.333616497744449,0.107329076102877,0.0294100415958756,0.693961648859397,0.788238833010579,0.00779934718335457,0.0188646,643.9997148,"No",0,60.458367806546,172.923988007989,60.458367806546,0,0
"Brčko","Brčko",471.638202483051,111.343345883927,87627,38617,22252,18128,5731,2899,0.440697501911511,0.253939995663437,0.206876875848768,0.0654022162118982,0.0330834103643854,0.693130186723694,0.78293887418295,0.0200197256908961,0.0189211,1657.9992297,"No",0,2.01880620009917,131.896968879258,2.0188062000991,0,0
"Bugojno","Bugojno",360.282341445597,87.2005773390246,46889,19697,16031,8673,1561,927,0.420077203608522,0.341892554756979,0.184968755998209,0.0332913903047623,0.0197700953315277,0.670932009976824,0.834408343822115,0.0107125077649632,0.0170189,797.9992021,"No",44.1827287667677,125.575376911153,122.02394387656,122.02394387656,44.1827287667677,7.05263805798835
"Busovača","Busovača",157.151887154685,59.1330420453371,18879,8451,9093,623,510,202,0.447640235181948,0.481646273637375,0.0329996292176492,0.0270141426982361,0.0106997192647916,0.565701863510913,0.931234012404486,0.0043131957195662,0.0192807,364.0003353,"No",73.438128751261,92.8961639582762,95.7975821287272,92.8961639582762,73.438128751261,26.5197690711577
"Bužim","Bosanska Krupa",840.024431633415,153.765688759556,58320,43104,139,13841,708,528,0.739094650205761,0.00238340192043896,0.23732853223594,0.0121399176954733,0.00905349794238683,0.397179241792598,0.742848853695935,0.0133240941980561,0.022548,1314.99936,"No",0,205.780654658643,249.009920869855,205.780654658643,0,0
"Cazin","Cazin",310.582369389773,83.8082270664706,63409,61693,139,778,430,369,0.972937595609456,0.00219211783816178,0.0122695516409343,0.0067813717295652,0.0058193631818827,0.0531572357812274,0.103401237788514,0.0144867539266896,0.0144617,917.0019353,"Yes",0.549014526735777,229.819023433374,275.853401495909,229.819023433374,0.549014526735777,9.82906983320066
"Derventa","Derventa",533.36134036364,113.745912836257,56489,7086,22952,21938,3348,1165,0.125440351218821,0.406309192940218,0.388358795517711,0.0592681761050824,0.0206234842181664,0.66441695916228,0.830970164921795,0.0129057742996226,0.0167289,944.9988321,"No",0,69.1052830042277,159.272075382624,69.1052830042277,0,7.24967156706507
"Doboj","Doboj",700.965790155761,179.411197930041,102549,41164,13264,39820,5765,2536,0.401408107343806,0.129343045763489,0.388302177495636,0.0562170279573667,0.024729641439702,0.667591417425339,0.827304031516056,0.0234288843607074,0.0225843,2315.9973807,"No",9.85160030893012,58.238237186317,139.726875786283,58.238237186317,9.85160030893012,0
"Doboj Istok","Doboj",700.965790155761,179.411197930041,102549,41164,13264,39820,5765,2536,0.401408107343806,0.129343045763489,0.388302177495636,0.0562170279573667,0.024729641439702,0.667591417425339,0.827304031516056,0.0234288843607074,0.0225843,2315.9973807,"No",9.85160030893012,58.238237186317,139.726875786283,58.238237186317,9.85160030893012,0
"Doboj Jug","Doboj",700.965790155761,179.411197930041,102549,41164,13264,39820,5765,2536,0.401408107343806,0.129343045763489,0.388302177495636,0.0562170279573667,0.024729641439702,0.667591417425339,0.827304031516056,0.0234288843607074,0.0225843,2315.9973807,"No",9.85160030893012,58.238237186317,139.726875786283,58.238237186317,9.85160030893012,0
"Dobretići","Skender Vakuf",287.724225141255,105.321974389748,19418,1071,4770,13263,169,145,0.055155010814708,0.245648367494078,0.683026058296426,0.00870326501184468,0.00746729838294366,0.469958700650565,0.785603171546619,0.00443633849687677,0.0086003,167.0006254,"No",61.3335295153581,127.818494168139,146.726747299151,127.818494168139,61.3335295153581,0
"Domaljevac-Šamac","Bosanski Šamac",192.703975582829,93.8399428147754,32960,2233,14731,13628,1755,613,0.067748786407767,0.44693567961165,0.413470873786408,0.053246359223301,0.0185983009708738,0.621519365191111,0.87219993823053,0.00753021510233073,0.0188714,622.001344,"No",0,28.3925912505513,155.340100821355,28.3925912505513,0,0
"Donji Vakuf","Donji Vakuf",332.821968347177,91.5778824535191,24544,13509,682,9533,593,227,0.550399282920469,0.0277868318122555,0.388404498044329,0.0241606910039113,0.0092486962190352,0.544761189865865,0.91948360758064,0.00560745144027929,0.0114896,282.0007424,"No",46.2107922191538,130.023561960953,135.304027524578,130.023561960953,46.2107922191538,0
"Donji Žabar","Orašje",162.238242577243,69.3688113378836,28367,1893,21308,4235,626,305,0.0667324708287799,0.751154510522791,0.149293192794444,0.022067895794409,0.0107519300595763,0.408422625218795,0.656457833382744,0.00648087414465461,0.0127966,363.0011522,"Yes",0,15.6665195478124,153.075531897981,15.6665195478124,0,0
"Drvar","Drvar",944.369726706419,175.946909922573,17126,33,33,16608,384,68,0.00192689477986687,0.00192689477986687,0.969753591031181,0.0224220483475417,0.00397057106154385,0.0590520331484901,0.115835916891852,0.00391269611172683,0.0082915,142.000229,"Yes",0,188.947379380102,196.355353516385,188.947379380102,0,0
"Dubica","Bosanska Dubica",543.445283790377,122.640050704799,31606,6440,488,21728,1851,1099,0.203758779978485,0.0154401063089287,0.687464405492628,0.0585648294627602,0.034771878757198,0.480997731077208,0.741581566575809,0.00722087313483814,0.0087642,277.0013052,"No",0,150.661110563847,232.085636496837,150.661110563847,0,23.398376354081
"Fojnica","Fojnica",304.550316585878,82.6281246808666,16296,8024,6623,157,407,1085,0.492390770741286,0.406418753068238,0.00963426607756505,0.0249754540991654,0.0665807560137457,0.587225536581586,0.903810573703885,0.00372306994258439,0.0182867,298.0000632,"No",61.0523526795943,98.6095916165155,86.0497035089757,86.0497035089755,61.0523526795943,29.0596431347924
"Foča","Foča",1192.54583494142,178.924845958949,40513,20790,94,18315,463,851,0.513168612544122,0.00232024288499988,0.452077111050774,0.0114284303803717,0.0210056031397329,0.531707032852259,0.963002614764585,0.00925581324152685,0.069237,2804.998581,"No",75.7769388906497,13.0517873310174,0,0,0,0
"Foča-Ustikolina","Foča",1192.54583494142,178.924845958949,40513,20790,94,18315,463,851,0.513168612544122,0.00232024288499988,0.452077111050774,0.0114284303803717,0.0210056031397329,0.531707032852259,0.963002614764585,0.00925581324152685,0.069237,2804.998581,"No",75.7769388906497,13.0517873310174,0,0,0,0
"Gacko","Gacko",737.165072059161,120.500713520313,10788,3858,29,6661,84,156,0.35761957730812,0.00268817204301075,0.617445309603263,0.00778642936596218,0.014460511679644,0.490592566425651,0.913093067377663,0.00246468326832354,0.0337412,364.0000656,"No",44.4748673064484,45.2547568154745,0,0,0,17.2453615128123
"Glamoč","Glamoč",1059.59273552269,150.251656709248,12593,2257,184,9951,118,83,0.179226554435004,0.0146112919876122,0.79020090526483,0.00937028507901215,0.00659096323354244,0.343115638611645,0.630830954861261,0.00287706306989232,0.013579,171.000347,"Yes",12.8458239251246,164.783071437611,148.15076777427,148.150767774269,12.8458239251246,0
"Goražde","Goražde",395.86891682019,93.3257575861793,37573,26296,80,9843,789,565,0.699864264232294,0.00212918851302797,0.261970031671679,0.0209991217097384,0.0150373938732601,0.440890094385725,0.793272685767706,0.0085841253652874,0.0435685,1636.9992505,"No",106.693303690715,9.8499827117942,0.377649652200105,0.377649652198766,0.377649652198766,0
"Gornji Vakuf-Uskoplje","Gornji Vakuf",438.298722305351,95.525362913104,25181,14063,10706,110,158,144,0.558476629204559,0.425161828362654,0.0043683729796275,0.0062745720980104,0.00571859735514872,0.507250119042426,0.96683722595546,0.00575298381346451,0.0217624,547.9989944,"No",42.7432195984159,111.662088503682,96.5303805571575,96.5303805571573,42.7432195984159,22.1546954744718
"Gradačac","Gradačac",444.582286767581,102.87694563968,56581,33856,8613,11221,1436,1455,0.598363408211237,0.15222424488786,0.198317456389954,0.0253795443700182,0.0257153461409307,0.578153797173594,0.784993561043207,0.0129267931039131,0.0158887,898.9985347,"No",7.31354678377015,25.9318555306303,139.756326904752,25.9318555306303,7.31354678377015,0
"Gradiška","Bosanska Gradiška",800.902679028832,146.965978706098,59974,15851,3417,35753,3311,1642,0.264297862407043,0.0569746890319138,0.596141661386601,0.055207256477807,0.0273785306966352,0.567718219185095,0.806344888593831,0.0137019757447568,0.009971,598.000754,"No",0,121.055631772094,202.928202353462,121.055631772095,0,26.595663757215
"Gračanica","Gračanica",433.193496135842,98.9632676423306,59134,42599,132,13558,1530,1315,0.720380829979369,0.00223221835154057,0.229275881895356,0.0258734399837657,0.0222376297899685,0.427315099905304,0.747054190503768,0.0135100649229741,0.0082017,484.9993278,"No",28.4495127591022,44.8725637166345,124.418037444266,44.8725637166345,28.4495127591022,0
"Grude","Grude",166.552375907341,60.260765167213,16358,4,16210,9,5,130,0.000244528670986673,0.990952439173493,0.000550189509720015,0.000305660838733341,0.00794718180706688,0.017949649666114,0.0357907849028088,0.00373723478895407,0.0020785,34.000103,"Yes",0,137.172849591456,88.9953298796267,88.9953298796267,0,35.4441280536292
"Hadžići","Hadžići",285.013282395347,79.3557962645352,24200,15392,746,6362,841,859,0.63603305785124,0.0308264462809917,0.262892561983471,0.0347520661157025,0.035495867768595,0.522931517655898,0.805935040043216,0.005528859389454,0.0262397,635.00074,"No",64.6145112623306,76.7872821776496,58.0152222793452,58.0152222793452,58.0152222793452,5.0003331756048
"Han Pijesak","Han Pijesak",358.002135904775,91.9664894826855,6348,2543,7,3674,68,56,0.40059861373661,0.00110270951480781,0.578764965343415,0.0107120352867045,0.00882167611846251,0.504358079925545,0.949935932146382,0.00145029749604355,0.0241021,153.0001308,"No",76.0651663846019,5.53343627850065,45.4520848349218,5.53343627850065,5.53343627850065,0
"Ilidža","Ilidža",157.923142766565,72.1696921239722,67937,29337,6934,25029,5181,1456,0.431826545181565,0.10206514859355,0.368414854939135,0.0762618308138422,0.0214316204719078,0.661103853784175,0.827401081933593,0.015521244642204,0.0243461,1654.0009957,"No",81.969421068352,67.6082795219309,50.6726453057755,50.6726453057753,50.6726453057753,0
"Ilijaš","Ilijaš",312.50361492967,101.763696643128,25184,10585,1736,11325,1167,371,0.420306543837357,0.0689326556543837,0.449690279542567,0.0463389453621347,0.0147315756035578,0.61400503349982,0.881509608656861,0.00575366920925659,0.0210451,529.9997984,"No",87.926576411056,46.7493328813668,53.9223490730088,46.7493328813668,46.7493328813668,0
"Istočna Ilidža","Ilidža",157.923142766565,72.1696921239722,67937,29337,6934,25029,5181,1456,0.431826545181565,0.10206514859355,0.368414854939135,0.0762618308138422,0.0214316204719078,0.661103853784175,0.827401081933593,0.015521244642204,0.0243461,1654.0009957,"No",81.969421068352,67.6082795219309,50.6726453057755,50.6726453057753,50.6726453057753,0
"Istočni Drvar","Drvar",944.369726706419,175.946909922573,17126,33,33,16608,384,68,0.00192689477986687,0.00192689477986687,0.969753591031181,0.0224220483475417,0.00397057106154385,0.0590520331484901,0.115835916891852,0.00391269611172683,0.0082915,142.000229,"Yes",0,188.947379380102,196.355353516385,188.947379380102,0,0
"Istočni Mostar","Mostar",1246.11869772911,190.697310973553,126628,43856,43037,23846,12768,3121,0.346337302966169,0.339869539122469,0.188315380484569,0.100830779922292,0.0246469975045014,0.718302165758028,0.772711171561821,0.0289300994532141,0.0199956,2532.0028368,"No",12.2496024647641,92.5286864456849,47.0094609749554,47.0094609749554,12.2496024647641,0
"Istočni Stari Grad","Sarajevo Stari Grad",130.135721221302,56.6097978803534,50744,39410,1126,5150,3374,1684,0.776643544064323,0.0221898155446949,0.101489831310106,0.0664906195806401,0.0331861895002365,0.380509906024184,0.598604716649387,0.0115932413577873,0.0227022,1152.0004368,"Yes",98.7151046787356,51.4549240236687,47.0122971904285,47.0122971904284,47.0122971904284,0
"Istočno Novo Sarajevo","Sarajevo Novo Sarajevo",72.9129960665233,54.4022579981858,95089,33902,8798,32899,15099,4391,0.356529146378656,0.0925238460810399,0.345981133464439,0.158788082743535,0.0461777913323308,0.717277317341841,0.76437623582599,0.0217245334910658,0.0202337,1924.0022993,"No",90.9185939718103,60.4068723851582,44.048809330892,44.0488093308918,44.0488093308918,0
"Jablanica","Jablanica",324.184713312212,91.5996408341979,12691,9099,2291,504,581,216,0.716964778189268,0.180521629501221,0.0397131825703254,0.0457804743519029,0.0170199353872823,0.449410781215901,0.703981450281113,0.00289945266576697,0.0218265,277.0001115,"Yes",25.3319417956366,105.68855187145,74.4482589363525,74.4482589363524,25.3319417956366,13.9077150606168
"Jajce","Jajce",376.666528108197,84.1518063682513,45007,17380,15811,8663,2496,657,0.386162152554047,0.351300908747528,0.192481169595841,0.0554580398604662,0.0145977292421179,0.687128774914812,0.81850593261158,0.0102825361380643,0.0155309,698.9992163,"No",57.564300873638,133.90276158664,145.539494159701,133.90276158664,57.564300873638,0
"Jezero","Jajce",376.666528108197,84.1518063682513,45007,17380,15811,8663,2496,657,0.386162152554047,0.351300908747528,0.192481169595841,0.0554580398604662,0.0145977292421179,0.687128774914812,0.81850593261158,0.0102825361380643,0.0155309,698.9992163,"No",57.564300873638,133.90276158664,145.539494159701,133.90276158664,57.564300873638,0
"Kakanj","Kakanj",483.998701392131,120.330274981467,55950,30528,16556,4929,2554,1383,0.545630026809651,0.295907059874888,0.0880965147453083,0.0456478999106345,0.0247184986595174,0.604271154907396,0.826337269771018,0.012782631522312,0.0085255,477.001725,"No",72.8457691891865,59.8866565843964,84.15141756894,59.8866565843964,59.8866565843964,20.1511386162538
"Kalesija","Kalesija",267.821341133633,76.6370436245725,41809,33137,35,7659,275,703,0.792580544858763,0.000837140328637375,0.183190222200962,0.00657753115357937,0.0168145614580593,0.337930728204317,0.632121044342852,0.00955190422370587,0.0157861,660.0010549,"Yes",34.9129130078874,5.23270425342291,89.1209122358853,5.23270425342291,5.23270425342291,0
"Kalinovik","Kalinovik",808.54685712195,151.681208688652,4667,1716,17,2826,46,62,0.367688022284123,0.00364259695736019,0.605528176558817,0.00985643882579816,0.0132847653739019,0.497854242772184,0.921629624888921,0.00106624738721412,0.057853,269.999951,"No",51.5717207625457,46.4084999659415,14.2640321179829,14.2640321179827,14.2640321179827,0
"Kiseljak","Kiseljak",180.117831298126,83.8817636847499,24164,9778,12550,740,600,496,0.404651547756994,0.519367654361861,0.0306240688627711,0.0248303261049495,0.0205264029134249,0.564538652595774,0.916216788238537,0.00552063463994903,0.0177537,429.0004068,"No",72.2814587788184,86.6898196201546,70.8168739479438,70.8168739479436,70.8168739479436,14.0171508187783
"Kladanj","Kladanj",314.055808172675,78.1159243212439,16070,11621,36,3952,277,184,0.723148724331052,0.00224019912881145,0.245924082140635,0.0172370877411325,0.0114499066583696,0.416144032273241,0.76323933561198,0.00367143679291429,0.0126945,204.000615,"No",57.2869520682386,24.1102728442288,70.3913495631194,24.1102728442287,24.1102728442287,0
"Ključ","Ključ",873.923447015203,154.076979517726,37391,17696,330,18506,579,280,0.473268968468348,0.00882565323206119,0.494931935492498,0.0154850097617074,0.00748843304538525,0.530685108402787,0.968273095856912,0.00854254468723448,0.0324677,1213.9997707,"No",33.223332674935,162.217611800506,187.175240179071,162.217611800506,33.223332674935,0
"Konjic","Konjic",1065.05893496374,166.750428129002,43878,23815,11513,6620,1358,572,0.542754911345093,0.262386617439263,0.150872874789188,0.0309494507498063,0.0130361456766489,0.61267993525659,0.82361266576431,0.0100245988549778,0.0224942,987.0005076,"No",44.7493675808426,69.7906090719696,39.4687067637603,39.4687067637601,39.4687067637601,0
"Kostajnica","Bosanski Novi",577.381926239548,126.276708775493,41665,14040,403,25101,1557,564,0.336973478939158,0.00967238689547582,0.602448097923917,0.0373694947797912,0.0135365414616585,0.5218318916364,0.884776285498945,0.00951900522568598,0.0160806,669.998199,"No",0,180.556751965929,247.184597344818,180.556751965929,0,0
"Kotor Varoš","Kotor Varoš",642.329674065164,160.80972492512,36853,11090,10695,14056,745,267,0.300925297804792,0.290207038775676,0.381407212438607,0.0202154505739017,0.0072450004070225,0.679291223613158,0.854097580487079,0.00841963037518794,0.0284644,1048.9985332,"No",49.145475868072,112.016461464685,135.525175771732,112.016461464685,49.145475868072,0
"Kreševo","Kreševo",144.79710589861,51.7982793366807,6731,1531,4714,34,251,201,0.227455058683702,0.700341702570198,0.00505125538552964,0.0372901500519982,0.0298618333085723,0.455477896359851,0.756693495155167,0.0015377996921659,0.0163423,110.0000213,"No",61.6021934402338,90.4866376003664,75.4624366810065,75.4624366810063,61.6021934402338,18.7769723393965
"Krupa na Uni","Bosanska Krupa",840.024431633415,153.765688759556,58320,43104,139,13841,708,528,0.739094650205761,0.00238340192043896,0.23732853223594,0.0121399176954733,0.00905349794238683,0.397179241792598,0.742848853695935,0.0133240941980561,0.022548,1314.99936,"No",0,205.780654658643,249.009920869855,205.780654658643,0,0
"Kupres-FBIH","Kupres",592.168291611245,114.080201851894,9618,802,3813,4864,67,72,0.0833853191931795,0.396444167186525,0.505718444583073,0.00696610521938033,0.00748596381784155,0.580023199379101,0.91099942511013,0.00219737890941192,0.0296319,284.9996142,"No",22.7783881549202,143.926898724953,120.418602681005,120.418602681005,22.7783881549202,0
"Kupres-RS","Kupres",592.168291611245,114.080201851894,9618,802,3813,4864,67,72,0.0833853191931795,0.396444167186525,0.505718444583073,0.00696610521938033,0.00748596381784155,0.580023199379101,0.91099942511013,0.00219737890941192,0.0296319,284.9996142,"No",22.7783881549202,143.926898724953,120.418602681005,120.418602681005,22.7783881549202,0
"Laktaši","Laktaši",401.982217946416,85.6507581973199,29832,408,2565,24176,1530,1153,0.0136765888978278,0.0859814963797265,0.81040493429874,0.0512872083668544,0.0386497720568517,0.331539793038567,0.54156373036203,0.0068155757564542,0.0078439,233.9992248,"No",15.8860730724989,117.404543008559,182.945894254121,117.404543008559,15.8860730724989,33.3616199359498
"Livno","Livno",921.666260614532,150.747444461056,40600,5793,29324,3913,1125,445,0.142684729064039,0.722266009852217,0.0963793103448276,0.0277093596059113,0.0109605911330049,0.44779596447378,0.686392274487124,0.0092756897194972,0.0023645,95.9987,"Yes",0,166.051866232384,137.243485057598,137.243485057598,0,19.0829980077144
"Ljubinje","Ljubinje",333.528782412207,80.2425785497539,4172,332,39,3748,19,34,0.0795781399808245,0.00934803451581975,0.898370086289549,0.00455417066155321,0.00814956855225312,0.186423966009988,0.352096640974209,0.000953157081520747,0.0064717,26.9999324,"Yes",8.92639032545044,95.0023445317144,19.983948777857,19.9839487778572,8.92639032545044,0
"Ljubuški","Ljubuški",275.211316955463,81.53687203416,28340,1592,26127,65,227,329,0.0561750176429076,0.921912491178546,0.00229357798165138,0.00800988002822865,0.0116090331686662,0.14671753767265,0.278195217864334,0.00647470558252588,0.0017996,51.000664,"Yes",0,128.516834363193,71.3825294828114,71.3825294828114,0,20.4388292789387
"Lopare","Lopare",430.130064239132,94.339908431404,32537,11990,1263,18243,583,458,0.368503549804838,0.0388173464056305,0.560684758889879,0.0179180625134462,0.0140762823862065,0.547811749857805,0.903277277603523,0.0074335742956473,0.016535,537.999295,"No",8.7580615057576,13.0557543991887,110.655432898667,13.0557543991887,8.7580615057576,0
"Lukavac","Lukavac",389.125347191395,83.1438500308691,57070,38080,2159,12169,3424,1238,0.667250744699492,0.0378307341860873,0.21322936744349,0.059996495531803,0.0216926581391274,0.503808365215325,0.756562896158345,0.0130385126180223,0.0104608,596.997856,"No",34.7708548218728,42.486690526218,106.64650160524,42.486690526218,34.7708548218728,0
"Maglaj","Maglaj",378.238410644762,95.2373410287142,43388,19569,8365,13312,1508,634,0.451023324421499,0.192795242924311,0.306812943671061,0.0347561537752374,0.0146123352078916,0.663852262163958,0.833227049849533,0.00991265087560455,0.0195907,850.0012916,"No",46.6629041249914,66.3551699930843,119.348907424111,66.3551699930843,46.6629041249914,0
"Milići","Vlasenica",483.15716226466,111.694308167499,33942,18727,39,14359,340,477,0.551735313181309,0.00114901891461906,0.423045194743975,0.010017087973602,0.0140533851864946,0.516321747461618,0.960033880922474,0.00775456799160527,0.0864416,2934.0007872,"No",61.8402583346309,3.59053460873044,51.917085914026,3.59053460873044,3.59053460873044,0
"Modriča","Modriča",335.111548760014,89.9214838526699,35613,10375,9805,12534,1851,1048,0.291326201106338,0.27532080981664,0.351950130570297,0.0519754022407548,0.0294274562659703,0.711891184202036,0.795009494116185,0.00813633344779443,0.0177463,631.9989819,"No",5.71248086016492,42.175386727987,154.514803910782,42.175386727987,5.71248086016492,0
"Mostar","Mostar",1246.11869772911,190.697310973553,126628,43856,43037,23846,12768,3121,0.346337302966169,0.339869539122469,0.188315380484569,0.100830779922292,0.0246469975045014,0.718302165758028,0.772711171561821,0.0289300994532141,0.0199956,2532.0028368,"No",12.2496024647641,92.5286864456849,47.0094609749554,47.0094609749554,12.2496024647641,0
"Mrkonjić Grad","Mrkonjić Grad",622.073948551661,147.974327458015,27395,3272,2139,21057,593,334,0.119437853622924,0.0780799415951816,0.768643913122833,0.02164628581858,0.0121920058404818,0.388207449965507,0.621902319517462,0.00625880590802034,0.01785,489.00075,"Yes",34.6657531930918,146.990216496331,168.667027641795,146.990216496331,34.6657531930918,0
"Neum","Neum",174.850686491101,83.623692661913,4325,190,3792,207,90,46,0.0439306358381503,0.876763005780347,0.0478612716763006,0.0208092485549133,0.010635838150289,0.226519883724815,0.397184164767599,0.000988112266916882,0.0016185,7.0000125,"Yes",0,115.421773767709,43.7441916017336,43.7441916017336,0,0.204563686083098
"Nevesinje","Nevesinje",981.501585907146,165.305861824558,14448,3313,210,10711,123,91,0.229305094130676,0.0145348837209302,0.741348283499446,0.00851328903654485,0.0062984496124031,0.397498486955626,0.731990103757876,0.00330086613466245,0.0446429,645.0006192,"No",24.9705961067122,68.408775535044,13.7460952276488,13.7460952276488,13.7460952276488,0
"Novi Grad","Bosanski Novi",577.381926239548,126.276708775493,41665,14040,403,25101,1557,564,0.336973478939158,0.00967238689547582,0.602448097923917,0.0373694947797912,0.0135365414616585,0.5218318916364,0.884776285498945,0.00951900522568598,0.0160806,669.998199,"No",0,180.556751965929,247.184597344818,180.556751965929,0,0
"Novi Travnik","Novi Travnik",259.642929709342,80.8215704424593,30713,11625,12162,4097,2132,697,0.378504216455573,0.395988669293133,0.133396281704816,0.0694168593103897,0.022693973236089,0.676799247166377,0.816641829407509,0.00701685365406201,0.0154983,475.9992879,"No",63.1474826594813,111.918659348985,108.516248286972,108.516248286972,63.1474826594813,15.3519982098752
"Novo Goražde","Goražde",395.86891682019,93.3257575861793,37573,26296,80,9843,789,565,0.699864264232294,0.00212918851302797,0.261970031671679,0.0209991217097384,0.0150373938732601,0.440890094385725,0.793272685767706,0.0085841253652874,0.0435685,1636.9992505,"No",106.693303690715,9.8499827117942,0.377649652200105,0.377649652198766,0.377649652198766,0
"Novo Sarajevo","Sarajevo Novo Sarajevo",72.9129960665233,54.4022579981858,95089,33902,8798,32899,15099,4391,0.356529146378656,0.0925238460810399,0.345981133464439,0.158788082743535,0.0461777913323308,0.717277317341841,0.76437623582599,0.0217245334910658,0.0202337,1924.0022993,"No",90.9185939718103,60.4068723851582,44.048809330892,44.0488093308918,44.0488093308918,0
"Odžak","Odžak",203.836237065018,69.1463271573744,30056,6220,16338,5667,1147,684,0.206947032206548,0.543585307426138,0.18854804365185,0.0381620974181528,0.0227575192973117,0.624163324282473,0.798328509873085,0.00686675197559625,0.0092494,277.9999664,"No",0,45.971606329512,166.382259858979,45.971606329512,0,0
"Olovo","Olovo",384.477397920206,113.483913726528,16956,12699,642,3193,285,137,0.748938428874735,0.037862703467799,0.188310922387356,0.0168082094833687,0.00807973578674216,0.401848843913957,0.685311093014816,0.00387385701684223,0.0165723,280.9999188,"Yes",65.054212261194,32.2859448365393,59.9022759802811,32.2859448365392,32.2859448365392,0
"Orašje","Orašje",162.238242577243,69.3688113378836,28367,1893,21308,4235,626,305,0.0667324708287799,0.751154510522791,0.149293192794444,0.022067895794409,0.0107519300595763,0.408422625218795,0.656457833382744,0.00648087414465461,0.0127966,363.0011522,"Yes",0,15.6665195478124,153.075531897981,15.6665195478124,0,0
"Osmaci","Kalesija",267.821341133633,76.6370436245725,41809,33137,35,7659,275,703,0.792580544858763,0.000837140328637375,0.183190222200962,0.00657753115357937,0.0168145614580593,0.337930728204317,0.632121044342852,0.00955190422370587,0.0157861,660.0010549,"Yes",34.9129130078874,5.23270425342291,89.1209122358853,5.23270425342291,5.23270425342291,0
"Oštra Luka","Sanski Most",963.750100946136,153.653104105784,60307,28136,4322,25363,1247,1239,0.466546172086159,0.071666639030295,0.420564776891571,0.0206775332880097,0.0205448787039647,0.599474178176159,0.896808050869345,0.0137780546776778,0.0255692,1542.0017444,"No",14.3161676747165,167.124536265521,203.521129676426,167.124536265521,14.3161676747165,0
"Pale","Pale",549.464467332324,114.528293988462,16355,4364,129,11284,396,182,0.266829715683277,0.00788749617853867,0.689941913787832,0.0242127789666769,0.0111280953836747,0.452009752659041,0.802201492692028,0.00373654939316199,0.028982,474.00061,"No",100.428046003833,32.272172065065,20.0538671415635,20.0538671415625,20.0538671415625,0
"Pale-Prača","Pale",549.464467332324,114.528293988462,16355,4364,129,11284,396,182,0.266829715683277,0.00788749617853867,0.689941913787832,0.0242127789666769,0.0111280953836747,0.452009752659041,0.802201492692028,0.00373654939316199,0.028982,474.00061,"No",100.428046003833,32.272172065065,20.0538671415635,20.0538671415625,20.0538671415625,0
"Pelagićevo","Gradačac",444.582286767581,102.87694563968,56581,33856,8613,11221,1436,1455,0.598363408211237,0.15222424488786,0.198317456389954,0.0253795443700182,0.0257153461409307,0.578153797173594,0.784993561043207,0.0129267931039131,0.0158887,898.9985347,"No",7.31354678377015,25.9318555306303,139.756326904752,25.9318555306303,7.31354678377015,0
"Petrovac","Bosanski Petrovac",838.882395200677,137.372093904873,15621,3288,48,11694,366,225,0.210485884386403,0.00307278663337814,0.748607643556751,0.0234299980795084,0.0144036873439601,0.39451641544568,0.706450063546702,0.00356885588936615,0.0239421,373.9995441,"No",2.94492251033371,188.179212256151,209.802832849761,188.179212256151,2.94492251033371,0
"Petrovo","Gračanica",433.193496135842,98.9632676423306,59134,42599,132,13558,1530,1315,0.720380829979369,0.00223221835154057,0.229275881895356,0.0258734399837657,0.0222376297899685,0.427315099905304,0.747054190503768,0.0135100649229741,0.0082017,484.9993278,"No",28.4495127591022,44.8725637166345,124.418037444266,44.8725637166345,28.4495127591022,0
"Posušje","Posušje",369.502237272625,120.90572294671,17134,6,16963,9,26,130,0.000350180926812186,0.990019843585853,0.000525271390218279,0.00151745068285281,0.00758725341426404,0.0198004416985817,0.0393670823337046,0.00391452383383904,0.0011089,18.9998926,"Yes",0,131.566112024136,99.1808774160044,99.1808774160042,0,36.9927541063754
"Prijedor","Prijedor",839.161670694318,143.243436056396,112543,49351,6316,47581,6459,2836,0.438507948073181,0.0561207716161823,0.422780626071813,0.0573913970660103,0.0251992571728139,0.621889005668929,0.87135832539307,0.0257121662093934,0.0462845,5208.9964835,"No",13.2048133449397,155.184161882676,211.882515471289,155.184161882676,13.2048133449397,1.59399464580788
"Prnjavor","Prnjavor",612.839262678062,123.316356191341,47055,7143,1721,33508,1757,2926,0.151801083838062,0.0365742216555095,0.712102858357242,0.0373392838168101,0.062182552332377,0.463267384444809,0.687170291556106,0.0107504329987916,0.0114972,541.000746,"Yes",4.88423907916392,94.4025703166196,163.306570659315,94.4025703166196,4.88423907916392,14.8695789346373
"Prozor-Rama","Prozor",464.394062012098,111.919710444839,19760,7225,12259,45,100,131,0.365637651821862,0.620394736842105,0.00227732793522267,0.00506072874493927,0.00662955465587044,0.48134472987592,0.92395565176743,0.00451447361717401,0.0234818,464.000368,"No",26.1646404927228,116.372519600556,90.3605859885676,90.3605859885674,26.1646404927228,26.3796485537592
"Ravno","Trebinje",1119.79808959912,180.208658868825,30996,5571,1246,21349,1642,1188,0.179732868757259,0.0401987353206865,0.688766292424829,0.0529745773648213,0.0383275261324042,0.487405846879847,0.719072443630834,0.00708150932378166,0.0111305,345.000978,"No",0,96.1884291901985,0,0,0,0
"Ribnik","Ključ",873.923447015203,154.076979517726,37391,17696,330,18506,579,280,0.473268968468348,0.00882565323206119,0.494931935492498,0.0154850097617074,0.00748843304538525,0.530685108402787,0.968273095856912,0.00854254468723448,0.0324677,1213.9997707,"No",33.223332674935,162.217611800506,187.175240179071,162.217611800506,33.223332674935,0
"Rogatica","Rogatica",637.955008045496,137.297939846367,21978,13209,19,8391,186,173,0.601010101010101,0.000864500864500864,0.381790881790882,0.00846300846300846,0.00787150787150787,0.492888250555008,0.937465745020974,0.00502120957278595,0.0916371,2014.0001838,"No",94.9913636390876,2.41984776544902,15.3710044738084,2.41984776544902,2.41984776544902,0
"Rudo","Rudo",321.148261001312,93.3347509387022,11571,3130,5,8150,106,180,0.27050384582145,0.000432114769682828,0.704347074583009,0.00916083311727595,0.0155561317085818,0.43039676710185,0.801501348452496,0.0026435715700567,0.0217786,252.0001806,"No",129.114135010524,0,9.66902923255692,0,0,12.3124281536922
"Sanski Most","Sanski Most",963.750100946136,153.653104105784,60307,28136,4322,25363,1247,1239,0.466546172086159,0.071666639030295,0.420564776891571,0.0206775332880097,0.0205448787039647,0.599474178176159,0.896808050869345,0.0137780546776778,0.0255692,1542.0017444,"No",14.3161676747165,167.124536265521,203.521129676426,167.124536265521,14.3161676747165,0
"Sapna","Zvornik",471.142764766818,138.117228659431,81295,48102,122,30863,1248,960,0.591696906328803,0.00150070730057199,0.379642044406175,0.0153514976320807,0.0118088443323698,0.505389319753608,0.93092860698823,0.018573083639077,0.0507657,4126.9975815,"No",29.255698653921,0,78.7226734552482,0,0,0
"Sarajevo Centar","Sarajevo Centar",31.7473542247513,28.8692645834051,79286,39761,5428,16631,13030,4436,0.501488282925107,0.0684610145549025,0.209759604469894,0.164341750119819,0.0559493479302777,0.669684959541307,0.760126732972464,0.0181140969236467,0.0195621,1551.0006606,"No",97.8152166537519,62.0952193396157,53.945007466199,53.9450074661988,53.9450074661988,0
"Sarajevo Novi Grad","Sarajevo Novi Grad",40.7232747923128,32.6936661233338,136616,69430,8889,37591,15580,5126,0.50821280084324,0.0650655852901564,0.275158107395913,0.114042279088833,0.0375212273818586,0.647360750680202,0.794934716976195,0.031212010510316,0.0230646,3150.9933936,"No",88.5529891941859,70.2202753925215,56.6307323557078,56.6307323557076,56.6307323557076,0
"Sarajevo Stari Grad","Sarajevo Stari Grad",130.135721221302,56.6097978803534,50744,39410,1126,5150,3374,1684,0.776643544064323,0.0221898155446949,0.101489831310106,0.0664906195806401,0.0331861895002365,0.380509906024184,0.598604716649387,0.0115932413577873,0.0227022,1152.0004368,"Yes",98.7151046787356,51.4549240236687,47.0122971904285,47.0122971904284,47.0122971904284,0
"Skender Vakuf","Skender Vakuf",287.724225141255,105.321974389748,19418,1071,4770,13263,169,145,0.055155010814708,0.245648367494078,0.683026058296426,0.00870326501184468,0.00746729838294366,0.469958700650565,0.785603171546619,0.00443633849687677,0.0086003,167.0006254,"No",61.3335295153581,127.818494168139,146.726747299151,127.818494168139,61.3335295153581,0
"Sokolac","Sokolac",688.121336720116,128.789029044159,14883,4493,19,10195,83,93,0.301888060202916,0.0012766243364913,0.68500974265941,0.00557683262783041,0.00624874017335215,0.439553473983,0.846001102101308,0.00340024852451421,0.0272794,405.9993102,"No",85.6949124610119,15.5998355533037,32.5311773351287,15.5998355533037,15.5998355533037,0.452971442975501
"Srbac","Srbac",472.225751824517,109.557173490923,21840,940,140,19382,811,567,0.043040293040293,0.00641025641025641,0.887454212454212,0.0371336996336996,0.0259615384615385,0.208478549457258,0.369744085192463,0.00498968136635022,0.0058608,127.999872,"Yes",0,94.6050401777627,187.939143109488,94.6050401777627,0,29.9134819687162
"Srebrenica","Srebrenica",515.234744915733,119.144840335488,36666,27572,38,8315,380,361,0.75197730867834,0.00103638247968145,0.226776850488191,0.0103638247968145,0.00984563355697376,0.382896967862337,0.720871318033215,0.00837690737081489,0.2103038,7710.9991308,"Yes",78.8222479984853,0,45.4372836214434,0,0,30.3358347683355
"Srebrenik","Srebrenik",224.855291358604,65.715863239821,40896,30528,2752,5308,1203,1105,0.746478873239437,0.0672926447574335,0.129792644757433,0.0294160798122066,0.0270197574334898,0.419799488092319,0.646812621770658,0.0093433154376492,0.0073112,298.9988352,"Yes",22.1008579327384,33.5889301163639,121.165312768626,33.5889301163639,22.1008579327384,0
"Stolac","Stolac",524.924563312052,118.449849359612,18681,8101,6188,3917,307,168,0.433649162250415,0.3312456506611,0.209678282747176,0.0164338097532252,0.00899309458808415,0.657908794888538,0.859894513453656,0.00426795959728885,0.0100637,187.9999797,"No",4.86509088680042,88.7735172536607,24.6416417131483,24.6416417131483,4.86509088680042,0
"Teočak","Ugljevik",191.658172338384,71.8689099124245,25587,10241,56,14468,290,532,0.400242310548325,0.00218861140422871,0.565443389221089,0.0113338804861844,0.0207918083401727,0.519514320272298,0.942287057698322,0.00584574071065948,0.0220034,563.0009958,"No",10.402787687945,7.12006734725357,113.518570257891,7.12006734725306,7.12006734725306,0
"Teslić","Teslić",834.824383403903,136.799339474956,59854,12802,9525,32962,3465,1100,0.213887125338323,0.159137233935911,0.550706719684566,0.0578908677782604,0.0183780532629398,0.621960641870145,0.788028099377403,0.0136745599130735,0.0123133,737.0002582,"No",33.6862140323773,90.84201125669,128.862260976704,90.84201125669,33.6862140323773,0
"Tešanj","Tešanj",209.901074976234,72.717956964426,48480,34941,8929,3071,1047,492,0.720730198019802,0.18417904290429,0.0633457095709571,0.0215965346534653,0.0101485148514851,0.442043980233419,0.708233011753479,0.0110759960000302,0.0155941,756.001968,"Yes",36.6527310551573,76.9341905066008,133.874761645333,76.9341905066008,36.6527310551573,0
"Tomislavgrad","Tomislavgrad",958.793044004204,147.871221699632,30009,3148,25976,576,107,202,0.104901862774501,0.865606984571295,0.0191942417274818,0.0035655969875704,0.00673131393915159,0.239293704463111,0.443865708589655,0.00685601410818698,0.0027658,82.9988922,"Yes",0,134.700439716881,104.265088888487,104.265088888487,0,19.9214021596825
"Travnik","Travnik",548.708138909663,122.587188036459,70747,31813,26118,7777,3743,1296,0.449672777644282,0.369174664650091,0.109926922696369,0.0529068370390264,0.018318797970232,0.646285819928127,0.843961772307731,0.0161632320341199,0.0182057,1287.9986579,"No",68.4329536436013,102.92406829184,119.869158442375,102.92406829184,68.4329536436013,0
"Trebinje","Trebinje",1119.79808959912,180.208658868825,30996,5571,1246,21349,1642,1188,0.179732868757259,0.0401987353206865,0.688766292424829,0.0529745773648213,0.0383275261324042,0.487405846879847,0.719072443630834,0.00708150932378166,0.0111305,345.000978,"No",0,96.1884291901985,0,0,0,0
"Trnovo-FBIH","Trnovo",489.35354131407,107.055181668799,6991,4790,16,2059,72,54,0.685166642826491,0.00228865684451438,0.294521527678444,0.0102989558003147,0.00772421685023602,0.443632771325153,0.836656968354381,0.00159720066081293,0.0503504,351.9996464,"No",72.9735545660637,46.6920801910042,28.5179376478762,28.517937647876,28.517937647876,0
"Trnovo-RS","Trnovo",489.35354131407,107.055181668799,6991,4790,16,2059,72,54,0.685166642826491,0.00228865684451438,0.294521527678444,0.0102989558003147,0.00772421685023602,0.443632771325153,0.836656968354381,0.00159720066081293,0.0503504,351.9996464,"No",72.9735545660637,46.6920801910042,28.5179376478762,28.517937647876,28.517937647876,0
"Tuzla","Tuzla",317.162097519447,79.2952728049953,131618,62669,20398,20271,21995,6285,0.476143080733638,0.15497880229148,0.15401388867784,0.167112401039372,0.0477518272576699,0.695342268016518,0.738235648272679,0.0300701411207089,0.0087982,1158.0014876,"No",27.4458037478199,17.9061403524382,104.757739420606,17.9061403524382,17.9061403524382,0
"Ugljevik","Ugljevik",191.658172338384,71.8689099124245,25587,10241,56,14468,290,532,0.400242310548325,0.00218861140422871,0.565443389221089,0.0113338804861844,0.0207918083401727,0.519514320272298,0.942287057698322,0.00584574071065948,0.0220034,563.0009958,"No",10.402787687945,7.12006734725357,113.518570257891,7.12006734725306,7.12006734725306,0
"Usora","Tešanj",209.901074976234,72.717956964426,48480,34941,8929,3071,1047,492,0.720730198019802,0.18417904290429,0.0633457095709571,0.0215965346534653,0.0101485148514851,0.442043980233419,0.708233011753479,0.0110759960000302,0.0155941,756.001968,"Yes",36.6527310551573,76.9341905066008,133.874761645333,76.9341905066008,36.6527310551573,0
"Vareš","Vareš",489.853140840578,96.1007260120644,22203,6714,9016,3644,2071,758,0.302391568706932,0.406071251632662,0.164121965500158,0.0932756834661983,0.0341395306940504,0.706863597530713,0.773018988697796,0.00507261425719203,0.0159438,354.0001914,"No",73.2410540795095,49.2861331058029,70.4286671412754,49.2861331058029,49.2861331058029,10.3208809528193
"Velika Kladuša","Velika Kladuša",350.811901830945,94.2220605217329,52908,48305,740,2266,993,604,0.912999924397067,0.0139865426778559,0.0428290617675966,0.0187684282150147,0.0114160429424662,0.163918606208852,0.299774752510415,0.0120876401891418,0.0203561,1077.0005388,"Yes",0,221.589485713694,284.032242270425,221.589485713694,0,14.1445258474751
"Visoko","Visoko",293.000411490812,97.3954763723591,46160,34373,1872,7471,1464,980,0.744649046793761,0.0405545927209705,0.161850086655113,0.0317157712305026,0.0212305025996534,0.416201047182732,0.666166036109719,0.0105459565874875,0.0143847,663.997752,"Yes",80.7164106042104,73.824748960079,67.3728494057921,67.372849405792,67.372849405792,10.6886250857726
"Vitez","Vitez",151.100880525903,54.254431770761,27859,11514,12675,1501,1377,792,0.413295523888151,0.454969668688754,0.053878459384759,0.0494274740658315,0.0284288739725044,0.616035246053716,0.875563017615194,0.00636481379052888,0.0358233,998.0013147,"No",72.5248161398812,101.483065996233,109.137026944843,101.483065996233,72.5248161398812,18.0129403009271
"Višegrad","Višegrad",469.5121911515,106.236261475606,21199,13471,32,6743,319,634,0.635454502570876,0.00150950516533799,0.318081041558564,0.0150478796169631,0.0299070710882589,0.493898875975531,0.869163481106353,0.0048432351321089,0.0830228,1760.0003372,"No",102.506383989577,0,17.3050554302496,0,0,15.0060494008255
"Vlasenica","Vlasenica",483.15716226466,111.694308167499,33942,18727,39,14359,340,477,0.551735313181309,0.00114901891461906,0.423045194743975,0.010017087973602,0.0140533851864946,0.516321747461618,0.960033880922474,0.00775456799160527,0.0864416,2934.0007872,"No",61.8402583346309,3.59053460873044,51.917085914026,3.59053460873044,3.59053460873044,0
"Vogošća","Sarajevo Vogošća",70.4847992002451,41.878432818228,24647,12499,1071,8813,1730,534,0.5071205420538,0.0434535643283158,0.357568872479409,0.0701910983081105,0.0216659228303647,0.607688842514239,0.862956614620637,0.00563098336247408,0.0288473,710.9994031,"No",91.7408825616456,63.8298391812008,58.3205258954239,58.3205258954237,58.3205258954237,4.03407727375236
"Vukosavlje","Odžak",203.836237065018,69.1463271573744,30056,6220,16338,5667,1147,684,0.206947032206548,0.543585307426138,0.18854804365185,0.0381620974181528,0.0227575192973117,0.624163324282473,0.798328509873085,0.00686675197559625,0.0092494,277.9999664,"No",0,45.971606329512,166.382259858979,45.971606329512,0,0
"Zavidovići","Zavidovići",553.850181436845,118.926785781614,57164,34198,7576,11640,2726,1024,0.598243649849556,0.132530963543489,0.203624658876216,0.047687355678399,0.0179133720523406,0.580482104624578,0.778097156931156,0.0130599883528408,0.0156217,892.9988588,"No",58.9414874805371,47.155985869668,93.0522926108538,47.155985869668,47.155985869668,7.99726604192458
"Zenica","Zenica",503.326228760109,103.745309971747,145517,80359,22510,22433,15654,4561,0.552231010809734,0.15468983005422,0.154160682257056,0.10757505995863,0.0313434169203598,0.634791647914549,0.752638082313868,0.0332455798254206,0.009827,1429.995559,"No",73.8755673580021,82.7437325589725,99.3696428075682,82.7437325589725,73.8755673580021,2.78569277041679
"Zvornik","Zvornik",471.142764766818,138.117228659431,81295,48102,122,30863,1248,960,0.591696906328803,0.00150070730057199,0.379642044406175,0.0153514976320807,0.0118088443323698,0.505389319753608,0.93092860698823,0.018573083639077,0.0507657,4126.9975815,"No",29.255698653921,0,78.7226734552482,0,0,0
"Čajniče","Čajniče",234.740784938321,82.8746554356133,8956,4024,5,4709,77,141,0.449307726663689,0.000558284948637785,0.525792764627066,0.00859758820902188,0.0157436355515855,0.521342443160658,0.970353182808759,0.00204613490462603,0.0320456,287.0003936,"No",110.361626884814,0,0,0,0,4.86246757862822
"Čapljina","Čapljina",289.506629696803,103.896645218107,27882,7672,14969,3753,1047,441,0.275159601176386,0.536869665016857,0.134602969657844,0.0375511082418765,0.0158166559070368,0.616279944890155,0.822599538761154,0.0063700684916015,0.0085718,238.9989276,"No",0,112.361569092821,51.9446536062566,51.9446536062566,0,3.11989121053369
"Čelinac","Čelinac",365.092384392457,102.203046580863,18713,1446,76,16554,377,260,0.0772724843691551,0.00406134772617966,0.884625661304975,0.020146422273286,0.0138940843264041,0.210850984065118,0.385607080752194,0.00427527048573771,0.0129856,242.9995328,"Yes",34.1218746843303,110.124512828022,164.552236397084,110.124512828022,34.1218746843303,19.3131783171693
"Čelić","Lopare",430.130064239132,94.339908431404,32537,11990,1263,18243,583,458,0.368503549804838,0.0388173464056305,0.560684758889879,0.0179180625134462,0.0140762823862065,0.547811749857805,0.903277277603523,0.0074335742956473,0.016535,537.999295,"No",8.7580615057576,13.0557543991887,110.655432898667,13.0557543991887,8.7580615057576,0
"Čitluk","Čitluk",181.959061051478,61.7916860882766,15083,111,14823,19,17,113,0.00735927865809189,0.982762049990055,0.00125969634688059,0.00112709673141948,0.00749187827355301,0.0340656086949831,0.0670444010770331,0.00344594157731961,0.0023205,35.0001015,"Yes",5.5812036993974,116.231086964071,62.4816568433886,62.4816568433886,5.5812036993974,9.44858226736763
"Šamac","Bosanski Šamac",192.703975582829,93.8399428147754,32960,2233,14731,13628,1755,613,0.067748786407767,0.44693567961165,0.413470873786408,0.053246359223301,0.0185983009708738,0.621519365191111,0.87219993823053,0.00753021510233073,0.0188714,622.001344,"No",0,28.3925912505513,155.340100821355,28.3925912505513,0,0
"Šekovići","Šekovići",254.669690006658,75.5242643137093,9629,326,10,9030,129,134,0.0338560598192959,0.00103852944230969,0.93779208640565,0.013397029805795,0.0139162945269498,0.11902554768407,0.224742182566174,0.00219989202731622,0.0196282,188.9999378,"Yes",52.4767991710442,6.65773906243044,73.9691953117172,6.65773906243054,6.65773906243054,0
"Šipovo","Šipovo",477.214081946568,100.192484289376,15579,2965,31,12333,155,95,0.190320302971949,0.00198985814237114,0.791642595802041,0.0099492907118557,0.00609795237178253,0.336940049844247,0.640176608952132,0.00355926034827702,0.0121959,189.9999261,"Yes",36.8754328478688,147.368650522223,147.216923828273,147.216923828273,36.8754328478688,0.0787665579337847
"Široki Brijeg","Široki Brijeg",401.380057723587,103.498003888471,27160,9,26864,148,20,119,0.000331369661266568,0.989101620029455,0.00544918998527246,0.000736377025036819,0.00438144329896907,0.0216284424812542,0.0428456858847247,0.00620511657097399,0.0018757,50.944012,"Yes",8.96381536413674,119.005229541096,71.8301704965085,71.8301704965085,8.96381536413674,18.7073036840034
"Žepče","Žepče",215.999582280115,62.1529342906608,22966,10820,9100,2278,546,222,0.471131237481494,0.396237916920665,0.0991901071148655,0.0237742750152399,0.00966646346773491,0.610533536245596,0.886762463001797,0.00524693325364465,0.0144126,330.9997716,"No",66.2866202500579,79.6213827702462,112.722639557362,79.6213827702462,66.2866202500579,0
"Živinice","Živinice",254.687934354389,81.8057774900096,54783,44017,3976,3525,2130,1135,0.80347918149791,0.0725772593687823,0.0643447784896775,0.0388806746618477,0.0207181059817827,0.343072549025447,0.550007834656326,0.0125160125591925,0.0067357,369.0018531,"Yes",40.6043856884861,20.5556105865153,89.3181719362026,20.5556105865153,20.5556105865153,1.5871365361478
